soc_code,isco_code,isco_title
11-1011,1112,Senior government officials
11-1011,1113,Traditional chiefs and heads of villages
11-1011,1120,Managing directors and chief executives
11-1021,1112,Senior government officials
11-1021,1114,Senior officials of special-interest organizations
11-1021,1120,Managing directors and chief executives
11-1021,1343,Aged care services managers
11-1021,1346,Financial and insurance services branch managers
11-1021,1420,Retail and wholesale trade managers
11-1021,5221,Shopkeepers
11-1031,1111,Legislators
11-1031,1113,Traditional chiefs and heads of villages
11-2011,1222,Advertising and public relations managers
11-2021,1221,Sales and marketing managers
11-2022,1221,Sales and marketing managers
11-2031,1114,Senior officials of special-interest organizations
11-2031,1219,Business services and administration managers not elsewhere classified
11-2031,1222,Advertising and public relations managers
11-3011,1219,Business services and administration managers not elsewhere classified
11-3021,1330,Information and communications technology service managers
11-3031,1211,Finance managers
11-3031,1346,Financial and insurance services branch managers
11-3051,1321,Manufacturing managers
11-3061,1219,Business services and administration managers not elsewhere classified
11-3071,1324,"Supply, distribution and related managers"
11-3111,1212,Human resource managers
11-3121,1212,Human resource managers
11-3131,1212,Human resource managers
11-9013,1311,Agricultural and forestry production managers
11-9013,1312,Aquaculture and fisheries production managers
11-9021,1323,Construction managers
11-9021,7111,House builders
11-9031,1341,Child care services managers
11-9032,1345,Education managers
11-9033,1345,Education managers
11-9039,1345,Education managers
11-9041,1223,Research and development managers
11-9051,1412,Restaurant managers
11-9061,1219,Business services and administration managers not elsewhere classified
11-9071,1431,"Sports, recreation and cultural centre managers"
11-9081,1411,Hotel managers
11-9111,1342,Health services managers
11-9111,1343,Aged care services managers
11-9121,1223,Research and development managers
11-9131,1219,Business services and administration managers not elsewhere classified
11-9141,3334,Real estate agents and property managers
11-9151,1344,Social welfare managers
11-9161,1112,Senior government officials
11-9199,1114,Senior officials of special-interest organizations
11-9199,1213,Policy and planning managers
11-9199,1219,Business services and administration managers not elsewhere classified
11-9199,1322,Mining managers
11-9199,1349,Professional services managers not elsewhere classified
11-9199,1431,"Sports, recreation and cultural centre managers"
11-9199,1439,Services managers not elsewhere classified
13-1011,3339,Business services agents not elsewhere classified
13-1021,3323,Buyers
13-1022,3323,Buyers
13-1023,3323,Buyers
13-1031,3315,Valuers and loss assessors
13-1032,3315,Valuers and loss assessors
13-1041,3351,Customs and border inspectors
13-1041,3353,Government social benefits officials
13-1041,3354,Government licensing officials
13-1051,3339,Business services agents not elsewhere classified
13-1071,2423,Personnel and careers professionals
13-1071,3333,Employment agents and contractors
13-1074,3333,Employment agents and contractors
13-1075,2423,Personnel and careers professionals
13-1081,2421,Management and organization analysts
13-1111,2421,Management and organization analysts
13-1121,3332,Conference and event planners
13-1131,4214,Debt-collectors and related workers
13-1141,2423,Personnel and careers professionals
13-1151,2356,Information technology trainers
13-1151,2424,Training and staff development professionals
13-1161,2431,Advertising and marketing professionals
13-1199,2422,Policy administration professionals
13-1199,3339,Business services agents not elsewhere classified
13-2011,2411,Accountants
13-2021,3315,Valuers and loss assessors
13-2031,2411,Accountants
13-2041,2413,Financial analysts
13-2051,2412,Financial and investment advisers
13-2051,2413,Financial analysts
13-2052,2412,Financial and investment advisers
13-2053,3321,Insurance representatives
13-2061,2413,Financial analysts
13-2071,3312,Credit and loans officers
13-2072,3312,Credit and loans officers
13-2081,3352,Government tax and excise officials
13-2082,2411,Accountants
13-2099,3339,Business services agents not elsewhere classified
15-1111,2511,Systems analysts
15-1121,2511,Systems analysts
15-1122,2529,Database and network professionals not elsewhere classified
15-1131,2514,Applications programmers
15-1132,2512,Software developers
15-1133,2512,Software developers
15-1134,2513,Web and multimedia developers
15-1134,3514,Web technicians
15-1141,2521,Database designers and administrators
15-1142,2522,Systems administrators
15-1142,3514,Web technicians
15-1143,2523,Computer network professionals
15-1151,3512,Information and communications technology user support technicians
15-1152,3513,Computer network and systems technicians
15-1199,2519,Software and applications developers and analysts not elsewhere classified
15-1199,2529,Database and network professionals not elsewhere classified
15-2011,2120,"Mathematicians, actuaries and statisticians"
15-2021,2120,"Mathematicians, actuaries and statisticians"
15-2031,2120,"Mathematicians, actuaries and statisticians"
15-2041,2120,"Mathematicians, actuaries and statisticians"
15-2091,3314,"Statistical, mathematical and related associate professionals"
15-2099,3314,"Statistical, mathematical and related associate professionals"
17-1011,2161,Building architects
17-1012,2162,Landscape architects
17-1021,2165,Cartographers and surveyors
17-1022,2165,Cartographers and surveyors
17-2011,2144,Mechanical engineers
17-2021,2144,Mechanical engineers
17-2031,2149,Engineering professionals not elsewhere classified
17-2041,2145,Chemical engineers
17-2051,2142,Civil engineers
17-2061,2152,Electronics engineers
17-2071,2151,Electrical engineers
17-2072,2153,Telecommunications engineers
17-2072,2152,Electronics engineers
17-2081,2143,Environmental engineers
17-2111,2149,Engineering professionals not elsewhere classified
17-2112,2141,Industrial and production engineers
17-2121,2144,Mechanical engineers
17-2131,2146,"Mining engineers, metallurgists and related professionals"
17-2131,2149,Engineering professionals not elsewhere classified
17-2141,2144,Mechanical engineers
17-2151,2146,"Mining engineers, metallurgists and related professionals"
17-2161,2149,Engineering professionals not elsewhere classified
17-2171,2146,"Mining engineers, metallurgists and related professionals"
17-2199,2149,Engineering professionals not elsewhere classified
17-3011,3118,Draughtspersons
17-3012,3118,Draughtspersons
17-3013,3118,Draughtspersons
17-3019,3118,Draughtspersons
17-3021,3115,Mechanical engineering technicians
17-3022,3112,Civil engineering technicians
17-3023,3113,Electrical engineering technicians
17-3023,3114,Electronics engineering technicians
17-3023,3155,Air traffic safety electronics technicians
17-3023,3522,Telecommunications engineering technicians
17-3024,3113,Electrical engineering technicians
17-3024,3115,Mechanical engineering technicians
17-3025,3119,Physical and engineering science technicians not elsewhere classified
17-3026,3119,Physical and engineering science technicians not elsewhere classified
17-3027,3115,Mechanical engineering technicians
17-3029,3115,Mechanical engineering technicians
17-3029,3116,Chemical engineering technicians
17-3029,3117,Mining and metallurgical technicians
17-3029,3119,Physical and engineering science technicians not elsewhere classified
17-3031,3112,Civil engineering technicians
19-1011,2131,"Biologists, botanists, zoologists and related professionals"
19-1012,2131,"Biologists, botanists, zoologists and related professionals"
19-1013,2131,"Biologists, botanists, zoologists and related professionals"
19-1013,2132,"Farming, forestry and fisheries advisers"
19-1021,2131,"Biologists, botanists, zoologists and related professionals"
19-1022,2131,"Biologists, botanists, zoologists and related professionals"
19-1023,2131,"Biologists, botanists, zoologists and related professionals"
19-1029,2131,"Biologists, botanists, zoologists and related professionals"
19-1031,2133,Environmental protection professionals
19-1032,2132,"Farming, forestry and fisheries advisers"
19-1041,2131,"Biologists, botanists, zoologists and related professionals"
19-1042,2131,"Biologists, botanists, zoologists and related professionals"
19-1099,2131,"Biologists, botanists, zoologists and related professionals"
19-2011,2111,Physicists and astronomers
19-2012,2111,Physicists and astronomers
19-2021,2112,Meteorologists
19-2031,2113,Chemists
19-2032,2113,Chemists
19-2032,2146,"Mining engineers, metallurgists and related professionals"
19-2041,2133,Environmental protection professionals
19-2042,2114,Geologists and geophysicists
19-2043,2114,Geologists and geophysicists
19-2099,211,Physical and earth science professionals
19-3011,2631,Economists
19-3022,2120,"Mathematicians, actuaries and statisticians"
19-3031,2634,Psychologists
19-3032,2634,Psychologists
19-3039,2634,Psychologists
19-3041,2632,"Sociologists, anthropologists and related professionals"
19-3051,2164,Town and traffic planners
19-3091,2632,"Sociologists, anthropologists and related professionals"
19-3092,2632,"Sociologists, anthropologists and related professionals"
19-3093,2633,"Philosophers, historians and political scientists"
19-3094,2633,"Philosophers, historians and political scientists"
19-3099,2633,"Philosophers, historians and political scientists"
19-3099,2643,"Translators, interpreters and other linguists"
19-4011,3142,Agricultural technicians
19-4021,3141,Life science technicians (excluding medical)
19-4031,3111,Chemical and physical science technicians
19-4041,3111,Chemical and physical science technicians
19-4041,3117,Mining and metallurgical technicians
19-4051,3119,Physical and engineering science technicians not elsewhere classified
19-4061,3314,"Statistical, mathematical and related associate professionals"
19-4091,3141,Life science technicians (excluding medical)
19-4092,3119,Physical and engineering science technicians not elsewhere classified
19-4093,3143,Forestry technicians
19-4099,3111,Chemical and physical science technicians
19-4099,3119,Physical and engineering science technicians not elsewhere classified
21-1011,2635,Social work and counselling professionals
21-1012,2359,Teaching professionals not elsewhere classified
21-1012,2423,Personnel and careers professionals
21-1013,2635,Social work and counselling professionals
21-1014,2635,Social work and counselling professionals
21-1015,2635,Social work and counselling professionals
21-1019,2635,Social work and counselling professionals
21-1021,2635,Social work and counselling professionals
21-1022,2635,Social work and counselling professionals
21-1023,2635,Social work and counselling professionals
21-1029,2635,Social work and counselling professionals
21-1091,2263,Environmental and occupational health and hygiene professionals
21-1092,2635,Social work and counselling professionals
21-1093,3412,Social work associate professionals
21-1094,3253,Community health workers
21-1099,2635,Social work and counselling professionals
21-2011,2636,Religious professionals
21-2021,2636,Religious professionals
21-2099,3413,Religious associate professionals
23-1011,2611,Lawyers
23-1012,3411,Legal and related associate professionals
23-1021,2612,Judges
23-1022,2619,Legal professionals not elsewhere classified
23-1023,2612,Judges
23-2011,3411,Legal and related associate professionals
23-2091,3343,Administrative and executive secretaries
23-2093,3411,Legal and related associate professionals
23-2099,3411,Legal and related associate professionals
25-1011,2310,University and higher education teachers
25-1021,2310,University and higher education teachers
25-1022,2310,University and higher education teachers
25-1031,2310,University and higher education teachers
25-1032,2310,University and higher education teachers
25-1041,2310,University and higher education teachers
25-1042,2310,University and higher education teachers
25-1043,2310,University and higher education teachers
25-1051,2310,University and higher education teachers
25-1052,2310,University and higher education teachers
25-1053,2310,University and higher education teachers
25-1054,2310,University and higher education teachers
25-1061,2310,University and higher education teachers
25-1062,2310,University and higher education teachers
25-1063,2310,University and higher education teachers
25-1064,2310,University and higher education teachers
25-1065,2310,University and higher education teachers
25-1066,2310,University and higher education teachers
25-1067,2310,University and higher education teachers
25-1069,2310,University and higher education teachers
25-1071,2310,University and higher education teachers
25-1072,2310,University and higher education teachers
25-1081,2310,University and higher education teachers
25-1082,2310,University and higher education teachers
25-1111,2310,University and higher education teachers
25-1112,2310,University and higher education teachers
25-1113,2310,University and higher education teachers
25-1121,2310,University and higher education teachers
25-1122,2310,University and higher education teachers
25-1123,2310,University and higher education teachers
25-1124,2310,University and higher education teachers
25-1125,2310,University and higher education teachers
25-1126,2310,University and higher education teachers
25-1191,2310,University and higher education teachers
25-1192,2310,University and higher education teachers
25-1193,2310,University and higher education teachers
25-1194,2320,Vocational education teachers
25-1199,2310,University and higher education teachers
25-2011,2342,Early childhood educators
25-2012,2342,Early childhood educators
25-2021,2341,Primary school teachers
25-2022,2341,Primary school teachers
25-2023,2320,Vocational education teachers
25-2031,2330,Secondary education teachers
25-2032,2320,Vocational education teachers
25-2051,2352,Special needs teachers
25-2052,2352,Special needs teachers
25-2053,2352,Special needs teachers
25-2054,2352,Special needs teachers
25-2059,2352,Special needs teachers
25-3011,2353,Other language teachers
25-3021,2353,Other language teachers
25-3021,2354,Other music teachers
25-3021,2355,Other arts teachers
25-3021,3422,"Sports coaches, instructors and officials"
25-3021,3423,Fitness and recreation instructors and program leaders
25-3021,5165,Driving instructors
25-3099,2359,Teaching professionals not elsewhere classified
25-3099,2353,Other language teachers
25-3099,2355,Other arts teachers
25-4011,2621,Archivists and curators
25-4012,2621,Archivists and curators
25-4013,3433,"Gallery, museum and library technicians"
25-4021,2622,Librarians and related information professionals
25-4031,3433,"Gallery, museum and library technicians"
25-4031,4411,Library clerks
25-9011,2622,Librarians and related information professionals
25-9021,2132,"Farming, forestry and fisheries advisers"
25-9031,2351,Education methods specialists
25-9041,5312,Teachers' aides
25-9099,2359,Teaching professionals not elsewhere classified
27-1011,2654,"Film, stage and related directors and producers"
27-1012,2651,Visual artists
27-1012,3433,"Gallery, museum and library technicians"
27-1012,7314,Potters and related workers
27-1012,7317,"Handicraft workers in wood, basketry and related materials"
27-1012,7319,Handicraft workers not elsewhere classified
27-1013,2651,Visual artists
27-1013,3118,Draughtspersons
27-1014,2166,Graphic and multimedia designers
27-1019,3435,Other artistic and cultural associate professionals
27-1021,2163,Product and garment designers
27-1022,2163,Product and garment designers
27-1023,7549,Craft and related workers not elsewhere classified
27-1024,2166,Graphic and multimedia designers
27-1025,3432,Interior designers and decorators
27-1026,3432,Interior designers and decorators
27-1027,3432,Interior designers and decorators
27-1029,2163,Product and garment designers
27-2011,2655,Actors
27-2012,2654,"Film, stage and related directors and producers"
27-2021,3421,Athletes and sports players
27-2022,3422,"Sports coaches, instructors and officials"
27-2023,3422,"Sports coaches, instructors and officials"
27-2031,2653,Dancers and choreographers
27-2032,2653,Dancers and choreographers
27-2041,2652,"Musicians, singers and composers"
27-2042,2652,"Musicians, singers and composers"
27-2099,2659,Creative and performing artists not elsewhere classified
27-2099,3435,Other artistic and cultural associate professionals
27-2099,5161,"Astrologers, fortune-tellers and related workers"
27-3011,2656,"Announcers on radio, television and other media"
27-3012,2656,"Announcers on radio, television and other media"
27-3021,2656,"Announcers on radio, television and other media"
27-3022,2642,Journalists
27-3031,2432,Public relations professionals
27-3041,2641,Authors and related writers
27-3041,2642,Journalists
27-3042,2641,Authors and related writers
27-3043,2641,Authors and related writers
27-3043,2431,Advertising and marketing professionals
27-3091,2643,"Translators, interpreters and other linguists"
27-3099,3435,Other artistic and cultural associate professionals
27-4011,3521,Broadcasting and audio-visual technicians
27-4012,3521,Broadcasting and audio-visual technicians
27-4013,3521,Broadcasting and audio-visual technicians
27-4014,3521,Broadcasting and audio-visual technicians
27-4021,3431,Photographers
27-4031,3521,Broadcasting and audio-visual technicians
27-4032,2654,"Film, stage and related directors and producers"
27-4099,3435,Other artistic and cultural associate professionals
27-4099,3521,Broadcasting and audio-visual technicians
29-1011,2269,Health professionals not elsewhere classified
29-1021,2261,Dentists
29-1022,2261,Dentists
29-1023,2261,Dentists
29-1024,2261,Dentists
29-1029,2261,Dentists
29-1031,2265,Dieticians and nutritionists
29-1041,2267,Optometrists and ophthalmic opticians
29-1051,2262,Pharmacists
29-1061,2212,Specialist medical practitioners 
29-1062,2211,Generalist medical practitioners 
29-1063,2211,Generalist medical practitioners 
29-1064,2212,Specialist medical practitioners 
29-1065,2211,Generalist medical practitioners 
29-1066,2212,Specialist medical practitioners 
29-1067,2212,Specialist medical practitioners 
29-1069,2211,Generalist medical practitioners 
29-1069,2212,Specialist medical practitioners 
29-1071,2240,Paramedical practitioners
29-1081,2269,Health professionals not elsewhere classified
29-1122,2269,Health professionals not elsewhere classified
29-1123,2264,Physiotherapists 
29-1124,3211,Medical imaging and therapeutic equipment technicians
29-1125,2269,Health professionals not elsewhere classified
29-1126,3259,Health associate professionals not elsewhere classified
29-1127,2266,Audiologists and speech therapists
29-1128,2264,Physiotherapists 
29-1129,2269,Health professionals not elsewhere classified
29-1131,2250,Veterinarians
29-1141,2221,Nursing professionals
29-1151,2221,Nursing professionals
29-1161,2222,Midwifery professionals
29-1171,2221,Nursing professionals
29-1181,2266,Audiologists and speech therapists
29-1199,2230,Traditional and complementary medicine professionals
29-1199,2269,Health professionals not elsewhere classified
29-1199,3255,Physiotherapy technicians and assistants
29-2011,3212,Medical and pathology laboratory technicians 
29-2012,3212,Medical and pathology laboratory technicians 
29-2021,3251,Dental assistants and therapists
29-2031,3259,Health associate professionals not elsewhere classified
29-2032,3211,Medical imaging and therapeutic equipment technicians
29-2033,3211,Medical imaging and therapeutic equipment technicians
29-2034,3211,Medical imaging and therapeutic equipment technicians
29-2035,3211,Medical imaging and therapeutic equipment technicians
29-2041,3258,Ambulance workers
29-2051,3259,Health associate professionals not elsewhere classified
29-2052,3213,Pharmaceutical technicians and assistants
29-2053,3259,Health associate professionals not elsewhere classified
29-2054,3259,Health associate professionals not elsewhere classified
29-2055,3259,Health associate professionals not elsewhere classified
29-2056,3240,Veterinary technicians and assistants
29-2057,3256,Medical assistants
29-2061,3221,Nursing associate professionals
29-2071,3252,Medical records and health information technicians
29-2081,3254,Dispensing opticians
29-2091,3214,Medical and dental prosthetic technicians
29-2092,3214,Medical and dental prosthetic technicians
29-2099,3259,Health associate professionals not elsewhere classified
29-9011,2263,Environmental and occupational health and hygiene professionals
29-9012,3257,Environmental and occupational health inspectors and associates
29-9091,3423,Fitness and recreation instructors and program leaders
29-9092,2269,Health professionals not elsewhere classified
29-9099,3222,Midwifery associate professionals
29-9099,3230,Traditional and complementary medicine associate professionals
29-9099,3259,Health associate professionals not elsewhere classified
31-1011,5322,Home-based personal care workers
31-1013,5321,Health care assistants
31-1014,5321,Health care assistants
31-1015,5329,Personal care workers in health services not elsewhere classified
31-2011,3259,Health associate professionals not elsewhere classified
31-2012,5329,Personal care workers in health services not elsewhere classified
31-2021,3255,Physiotherapy technicians and assistants
31-2022,5329,Personal care workers in health services not elsewhere classified
31-9011,3255,Physiotherapy technicians and assistants
31-9091,3251,Dental assistants and therapists
31-9091,5329,Personal care workers in health services not elsewhere classified
31-9092,3256,Medical assistants
31-9093,5329,Personal care workers in health services not elsewhere classified
31-9094,3344,Medical secretaries
31-9095,5329,Personal care workers in health services not elsewhere classified
31-9096,3240,Veterinary technicians and assistants
31-9096,5164,Pet groomers and animal care workers
31-9097,5329,Personal care workers in health services not elsewhere classified
31-9099,3259,Health associate professionals not elsewhere classified
31-9099,5329,Personal care workers in health services not elsewhere classified
33-1011,5413,Prison guards
33-1012,3351,Customs and border inspectors
33-1012,3355,Police inspectors and detectives
33-1012,5412,Police officers
33-1021,3112,Civil engineering technicians
33-1021,3119,Physical and engineering science technicians not elsewhere classified
33-1021,5411,Fire-fighters
33-1099,5414,Security guards
33-1099,5419,Protective services workers not elsewhere classified
33-2011,5411,Fire-fighters
33-2021,3112,Civil engineering technicians
33-2021,3119,Physical and engineering science technicians not elsewhere classified
33-2022,3119,Physical and engineering science technicians not elsewhere classified
33-3011,3411,Legal and related associate professionals
33-3012,5413,Prison guards
33-3021,3355,Police inspectors and detectives
33-3031,5419,Protective services workers not elsewhere classified
33-3041,5419,Protective services workers not elsewhere classified
33-3051,3351,Customs and border inspectors
33-3051,5412,Police officers
33-3052,5412,Police officers
33-9011,5419,Protective services workers not elsewhere classified
33-9021,3411,Legal and related associate professionals
33-9031,3411,Legal and related associate professionals
33-9031,5414,Security guards
33-9032,5414,Security guards
33-9091,5419,Protective services workers not elsewhere classified
33-9092,5419,Protective services workers not elsewhere classified
33-9093,5414,Security guards
33-9099,5419,Protective services workers not elsewhere classified
35-1011,3434,Chefs
35-1012,3434,Chefs
35-1012,5120,Cooks
35-2011,9411,Fast food preparers
35-2012,5120,Cooks
35-2013,5120,Cooks
35-2014,5120,Cooks
35-2015,5120,Cooks
35-2015,9411,Fast food preparers
35-2019,5120,Cooks
35-2021,9412,Kitchen helpers
35-3011,5132,Bartenders
35-3021,5246,Food service counter attendants
35-3022,5246,Food service counter attendants
35-3031,5131,Waiters
35-3041,5212,Street food salespersons
35-3041,5131,Waiters
35-9011,5246,Food service counter attendants
35-9011,9412,Kitchen helpers
35-9021,9412,Kitchen helpers
35-9031,5169,Personal services workers not elsewhere classified
35-9099,9412,Kitchen helpers
37-1011,5151,"Cleaning and housekeeping supervisors in offices, hotels and other establishments"
37-1011,5152,Domestic housekeepers
37-1012,6113,"Gardeners, horticultural and nursery growers"
37-1012,7544,Fumigators and other pest and weed controllers
37-2011,5153,Building caretakers
37-2011,9112,"Cleaners and helpers in offices, hotels and other establishments"
37-2011,9123,Window cleaners
37-2012,9111,Domestic cleaners and helpers
37-2012,9112,"Cleaners and helpers in offices, hotels and other establishments"
37-2019,7133,Building structure cleaners
37-2019,9129,Other cleaning workers
37-2021,7544,Fumigators and other pest and weed controllers
37-3011,9214,Garden and horticultural labourers
37-3012,7544,Fumigators and other pest and weed controllers
37-3013,6113,"Gardeners, horticultural and nursery growers"
37-3019,9214,Garden and horticultural labourers
37-3019,9613,Sweepers and related labourers
37-3019,9622,Odd job persons
39-1011,4212,"Bookmakers, croupiers and related gaming workers"
39-1012,4212,"Bookmakers, croupiers and related gaming workers"
39-1021,3423,Fitness and recreation instructors and program leaders
39-1021,4414,Scribes and related workers
39-1021,5113,Travel guides
39-1021,5141,Hairdressers
39-1021,5142,Beauticians and related workers
39-1021,5162,Companions and valets
39-1021,5164,Pet groomers and animal care workers
39-1021,5169,Personal services workers not elsewhere classified
39-1021,5311,Child care workers
39-1021,5322,Home-based personal care workers
39-2011,5164,Pet groomers and animal care workers
39-2021,5164,Pet groomers and animal care workers
39-3011,4212,"Bookmakers, croupiers and related gaming workers"
39-3012,4212,"Bookmakers, croupiers and related gaming workers"
39-3019,4212,"Bookmakers, croupiers and related gaming workers"
39-3021,9629,Elementary workers not elsewhere classified
39-3031,9629,Elementary workers not elsewhere classified
39-3091,8343,"Crane, hoist and related plant operators"
39-3091,9629,Elementary workers not elsewhere classified
39-3092,3435,Other artistic and cultural associate professionals
39-3093,9629,Elementary workers not elsewhere classified
39-3099,3435,Other artistic and cultural associate professionals
39-4011,5163,Undertakers and embalmers
39-4021,5163,Undertakers and embalmers
39-4031,5163,Undertakers and embalmers
39-5011,5141,Hairdressers
39-5012,5141,Hairdressers
39-5012,5142,Beauticians and related workers
39-5091,5142,Beauticians and related workers
39-5092,5142,Beauticians and related workers
39-5093,5142,Beauticians and related workers
39-5094,5142,Beauticians and related workers
39-6011,9621,"Messengers, package deliverers and luggage porters"
39-6012,4224,Hotel receptionists
39-7011,5113,Travel guides
39-7012,5113,Travel guides
39-9011,5311,Child care workers
39-9021,5322,Home-based personal care workers
39-9021,4414,Scribes and related workers
39-9021,5162,Companions and valets
39-9031,3423,Fitness and recreation instructors and program leaders
39-9032,5169,Personal services workers not elsewhere classified
39-9041,5169,Personal services workers not elsewhere classified
39-9099,5162,Companions and valets
39-9099,5169,Personal services workers not elsewhere classified
39-9099,9510,Street and related service workers
39-9099,5152,Domestic housekeepers
41-1011,5222,Shop supervisors
41-1012,2433,Technical and medical sales professionals (excluding ICT)
41-1012,2434,Information and communications technology sales professionals
41-1012,3311,Securities and finance dealers and brokers
41-1012,3321,Insurance representatives
41-1012,3322,Commercial sales representatives
41-1012,3324,Trade brokers
41-1012,3334,Real estate agents and property managers
41-1012,3339,Business services agents not elsewhere classified
41-1012,4221,Travel consultants and clerks
41-2011,5230,Cashiers and ticket clerks
41-2012,5230,Cashiers and ticket clerks
41-2021,5249,Sales workers not elsewhere classified
41-2022,5223,Shop sales assistants
41-2031,5223,Shop sales assistants
41-3011,3339,Business services agents not elsewhere classified
41-3021,3321,Insurance representatives
41-3031,3311,Securities and finance dealers and brokers
41-3031,3324,Trade brokers
41-3041,3339,Business services agents not elsewhere classified
41-3041,4221,Travel consultants and clerks
41-3099,3322,Commercial sales representatives
41-4011,2433,Technical and medical sales professionals (excluding ICT)
41-4011,2434,Information and communications technology sales professionals
41-4011,3322,Commercial sales representatives
41-4012,3322,Commercial sales representatives
41-9011,5242,Sales demonstrators
41-9012,5241,Fashion and other models
41-9021,3334,Real estate agents and property managers
41-9022,3334,Real estate agents and property managers
41-9031,2434,Information and communications technology sales professionals
41-9041,5244,Contact centre salespersons
41-9091,5211,Stall and market salespersons
41-9091,5212,Street food salespersons
41-9091,5243,Door to door salespersons
41-9091,9520,Street vendors (excluding food)
41-9099,3339,Business services agents not elsewhere classified
41-9099,4213,Pawnbrokers and money-lenders
41-9099,5249,Sales workers not elsewhere classified
43-1011,3341,Office supervisors
43-2011,4223,Telephone switchboard operators
43-2021,4223,Telephone switchboard operators
43-2099,4229,Client information workers not elsewhere classified
43-3011,4214,Debt-collectors and related workers
43-3021,4311,Accounting and bookkeeping clerks
43-3031,3313,Accounting associate professionals
43-3031,4311,Accounting and bookkeeping clerks
43-3041,4212,"Bookmakers, croupiers and related gaming workers"
43-3051,4313,Payroll clerks
43-3061,4110,General office clerks
43-3071,4211,Bank tellers and related clerks
43-3099,4213,Pawnbrokers and money-lenders
43-3099,4312,"Statistical, finance and insurance clerks"
43-4011,4312,"Statistical, finance and insurance clerks"
43-4021,4225,Enquiry clerks
43-4021,4419,Clerical support workers not elsewhere classified
43-4031,3354,Government licensing officials
43-4041,4312,"Statistical, finance and insurance clerks"
43-4051,4222,Contact centre information clerks
43-4061,3353,Government social benefits officials
43-4061,4229,Client information workers not elsewhere classified
43-4071,4415,Filing and copying clerks
43-4081,4224,Hotel receptionists
43-4111,4227,Survey and market research interviewers
43-4121,4411,Library clerks
43-4131,4312,"Statistical, finance and insurance clerks"
43-4141,4312,"Statistical, finance and insurance clerks"
43-4151,4419,Clerical support workers not elsewhere classified
43-4161,4416,Personnel clerks
43-4171,4225,Enquiry clerks
43-4171,4226,Receptionists (general)
43-4171,4222,Contact centre information clerks
43-4181,4221,Travel consultants and clerks
43-4199,4229,Client information workers not elsewhere classified
43-4199,4419,Clerical support workers not elsewhere classified
43-5011,3324,Trade brokers
43-5011,3331,Clearing and forwarding agents
43-5021,4412,Mail carriers and sorting clerks
43-5021,8321,Motorcycle drivers
43-5021,9331,Hand and pedal vehicle drivers
43-5021,9621,"Messengers, package deliverers and luggage porters"
43-5031,5419,Protective services workers not elsewhere classified
43-5032,4323,Transport clerks
43-5041,9623,Meter readers and vending-machine collectors
43-5051,4412,Mail carriers and sorting clerks
43-5051,4211,Bank tellers and related clerks
43-5052,4412,Mail carriers and sorting clerks
43-5053,4412,Mail carriers and sorting clerks
43-5061,4322,Production clerks
43-5071,3331,Clearing and forwarding agents
43-5071,4321,Stock clerks
43-5081,4321,Stock clerks
43-5081,9334,Shelf fillers
43-5111,4321,Stock clerks
43-6011,3343,Administrative and executive secretaries
43-6012,3342,Legal secretaries
43-6013,3344,Medical secretaries
43-6014,4120,Secretaries (general)
43-9011,3511,Information and communications technology operations technicians
43-9021,4132,Data entry clerks
43-9022,4131,Typists and word processing operators
43-9031,7321,Pre-press technicians
43-9041,4312,"Statistical, finance and insurance clerks"
43-9051,4412,Mail carriers and sorting clerks
43-9061,4110,General office clerks
43-9071,4415,Filing and copying clerks
43-9081,4413,"Coding, proof-reading and related clerks"
43-9111,3314,"Statistical, mathematical and related associate professionals"
43-9199,4419,Clerical support workers not elsewhere classified
45-1011,6111,Field crop and vegetable growers
45-1011,6112,Tree and shrub crop growers
45-1011,6114,Mixed crop growers
45-1011,6121,Livestock and dairy producers
45-1011,6122,Poultry producers
45-1011,6123,Apiarists and sericulturists
45-1011,6129,Animal producers not elsewhere classified
45-1011,6130,Mixed crop and animal producers
45-1011,6210,Forestry and related workers
45-1011,6221,Aquaculture workers
45-1011,6222,Inland and coastal waters fishery workers
45-1011,6223,Deep-sea fishery workers
45-1011,6224,Hunters and trappers
45-2011,7515,Food and beverage tasters and graders
45-2011,3257,Environmental and occupational health inspectors and associates
45-2011,3359,Regulatory government associate professionals not elsewhere classified
45-2021,6121,Livestock and dairy producers
45-2021,6122,Poultry producers
45-2021,6123,Apiarists and sericulturists
45-2021,6129,Animal producers not elsewhere classified
45-2021,6130,Mixed crop and animal producers
45-2021,6221,Aquaculture workers
45-2041,7515,Food and beverage tasters and graders
45-2041,7516,Tobacco preparers and tobacco products makers
45-2041,7535,"Pelt dressers, tanners and fellmongers"
45-2091,6111,Field crop and vegetable growers
45-2091,6112,Tree and shrub crop growers
45-2091,6113,"Gardeners, horticultural and nursery growers"
45-2091,6114,Mixed crop growers
45-2091,6130,Mixed crop and animal producers
45-2091,8341,Mobile farm and forestry plant operators
45-2092,6310,Subsistence crop farmers
45-2092,6330,Subsistence mixed crop and livestock farmers
45-2092,9211,Crop farm labourers
45-2092,9213,Mixed crop and livestock farm labourers
45-2092,9214,Garden and horticultural labourers
45-2093,6320,Subsistence livestock farmers
45-2093,6330,Subsistence mixed crop and livestock farmers
45-2093,9212,Livestock farm labourers
45-2093,9213,Mixed crop and livestock farm labourers
45-2093,9216,Fishery and aquaculture labourers
45-2099,9211,Crop farm labourers
45-2099,9212,Livestock farm labourers
45-2099,9213,Mixed crop and livestock farm labourers
45-3011,6222,Inland and coastal waters fishery workers
45-3011,6223,Deep-sea fishery workers
45-3011,6340,"Subsistence fishers, hunters, trappers and gatherers"
45-3011,9216,Fishery and aquaculture labourers
45-3021,6224,Hunters and trappers
45-3021,6340,"Subsistence fishers, hunters, trappers and gatherers"
45-4011,6210,Forestry and related workers
45-4011,9215,Forestry labourers
45-4021,6210,Forestry and related workers
45-4022,6210,Forestry and related workers
45-4022,8341,Mobile farm and forestry plant operators
45-4023,6210,Forestry and related workers
45-4029,6210,Forestry and related workers
45-4029,9215,Forestry labourers
47-1011,3123,Construction supervisors
47-1011,3121,Mining supervisors
47-2011,7213,Sheet-metal workers
47-2021,7112,Bricklayers and related workers
47-2022,7113,"Stonemasons, stone cutters, splitters and carvers"
47-2031,7115,Carpenters and joiners
47-2041,7122,Floor layers and tile setters
47-2042,7122,Floor layers and tile setters
47-2043,7122,Floor layers and tile setters
47-2044,7122,Floor layers and tile setters
47-2051,7114,"Concrete placers, concrete finishers and related workers"
47-2053,7114,"Concrete placers, concrete finishers and related workers"
47-2061,9313,Building construction labourers
47-2071,8342,Earthmoving and related plant operators
47-2072,8342,Earthmoving and related plant operators
47-2073,8342,Earthmoving and related plant operators
47-2081,7123,Plasterers
47-2082,7123,Plasterers
47-2111,7411,Building and related electricians
47-2121,7125,Glaziers
47-2131,7124,Insulation workers
47-2132,7124,Insulation workers
47-2141,7131,Painters and related workers
47-2142,7131,Painters and related workers
47-2151,7126,Plumbers and pipe fitters
47-2152,7126,Plumbers and pipe fitters
47-2161,7123,Plasterers
47-2171,7214,Structural-metal preparers and erectors
47-2181,7121,Roofers
47-2211,7213,Sheet-metal workers
47-2221,7214,Structural-metal preparers and erectors
47-2231,7119,Building frame and related trades workers not elsewhere classified
47-2231,7411,Building and related electricians
47-3011,9313,Building construction labourers
47-3012,9313,Building construction labourers
47-3013,9313,Building construction labourers
47-3014,9313,Building construction labourers
47-3015,9313,Building construction labourers
47-3016,9313,Building construction labourers
47-3019,9312,Civil engineering labourers
47-3019,9313,Building construction labourers
47-4011,3112,Civil engineering technicians
47-4021,7412,Electrical mechanics and fitters
47-4031,7119,Building frame and related trades workers not elsewhere classified
47-4041,7119,Building frame and related trades workers not elsewhere classified
47-4051,9312,Civil engineering labourers
47-4061,9312,Civil engineering labourers
47-4071,9129,Other cleaning workers
47-4091,7114,"Concrete placers, concrete finishers and related workers"
47-4091,7113,"Stonemasons, stone cutters, splitters and carvers"
47-4099,7119,Building frame and related trades workers not elsewhere classified
47-5011,8113,Well drillers and borers and related workers
47-5012,8113,Well drillers and borers and related workers
47-5013,8113,Well drillers and borers and related workers
47-5021,8111,Miners and quarriers
47-5021,8113,Well drillers and borers and related workers
47-5031,7542,Shotfirers and blasters
47-5041,8111,Miners and quarriers
47-5042,8111,Miners and quarriers
47-5049,8111,Miners and quarriers
47-5051,8111,Miners and quarriers
47-5061,8111,Miners and quarriers
47-5071,8113,Well drillers and borers and related workers
47-5081,9311,Mining and quarrying labourers
47-5099,9311,Mining and quarrying labourers
49-1011,7127,Air conditioning and refrigeration mechanics
49-1011,7231,Motor vehicle mechanics and repairers
49-1011,7232,Aircraft engine mechanics and repairers
49-1011,7233,Agricultural and industrial machinery mechanics and repairers
49-1011,7234,Bicycle and related repairers
49-1011,7311,Precision-instrument makers and repairers
49-1011,7312,Musical instrument makers and tuners
49-1011,7412,Electrical mechanics and fitters
49-1011,7413,Electrical line installers and repairers 
49-1011,7421,Electronics mechanics and servicers
49-1011,7422,Information and communications technology installers and servicers
49-2011,7421,Electronics mechanics and servicers
49-2011,7422,Information and communications technology installers and servicers
49-2021,7422,Information and communications technology installers and servicers
49-2022,7422,Information and communications technology installers and servicers
49-2091,7421,Electronics mechanics and servicers
49-2092,7412,Electrical mechanics and fitters
49-2093,7412,Electrical mechanics and fitters
49-2093,7421,Electronics mechanics and servicers
49-2093,7422,Information and communications technology installers and servicers
49-2094,7412,Electrical mechanics and fitters
49-2094,7421,Electronics mechanics and servicers
49-2095,7412,Electrical mechanics and fitters
49-2095,7421,Electronics mechanics and servicers
49-2096,7412,Electrical mechanics and fitters
49-2096,7421,Electronics mechanics and servicers
49-2097,7422,Information and communications technology installers and servicers
49-2098,7412,Electrical mechanics and fitters
49-3011,7232,Aircraft engine mechanics and repairers
49-3021,7231,Motor vehicle mechanics and repairers
49-3022,7231,Motor vehicle mechanics and repairers
49-3023,7231,Motor vehicle mechanics and repairers
49-3031,7231,Motor vehicle mechanics and repairers
49-3041,7233,Agricultural and industrial machinery mechanics and repairers
49-3042,7233,Agricultural and industrial machinery mechanics and repairers
49-3043,7233,Agricultural and industrial machinery mechanics and repairers
49-3051,7231,Motor vehicle mechanics and repairers
49-3052,7231,Motor vehicle mechanics and repairers
49-3053,7412,Electrical mechanics and fitters
49-3053,7231,Motor vehicle mechanics and repairers
49-3091,7234,Bicycle and related repairers
49-3092,7231,Motor vehicle mechanics and repairers
49-3093,7231,Motor vehicle mechanics and repairers
49-9011,7412,Electrical mechanics and fitters
49-9012,7412,Electrical mechanics and fitters
49-9021,7127,Air conditioning and refrigeration mechanics
49-9031,7412,Electrical mechanics and fitters
49-9041,7233,Agricultural and industrial machinery mechanics and repairers
49-9043,7233,Agricultural and industrial machinery mechanics and repairers
49-9044,7233,Agricultural and industrial machinery mechanics and repairers
49-9045,7112,Bricklayers and related workers
49-9045,7233,Agricultural and industrial machinery mechanics and repairers
49-9051,7413,Electrical line installers and repairers 
49-9052,7422,Information and communications technology installers and servicers
49-9061,7311,Precision-instrument makers and repairers
49-9062,7311,Precision-instrument makers and repairers
49-9063,7312,Musical instrument makers and tuners
49-9064,7311,Precision-instrument makers and repairers
49-9069,7311,Precision-instrument makers and repairers
49-9071,9622,Odd job persons
49-9081,7233,Agricultural and industrial machinery mechanics and repairers
49-9091,9623,Meter readers and vending-machine collectors
49-9092,7541,Underwater divers
49-9093,7533,"Sewing, embroidery and related workers"
49-9094,7222,Toolmakers and related workers
49-9095,7119,Building frame and related trades workers not elsewhere classified
49-9096,7215,Riggers and cable splicers
49-9097,7412,Electrical mechanics and fitters
49-9098,9622,Odd job persons
49-9099,9622,Odd job persons
51-1011,3122,Manufacturing supervisors
51-1011,3131,Power production plant operators
51-1011,3132,Incinerator and water treatment plant operators
51-2011,8211,Mechanical machinery assemblers
51-2021,8212,Electrical and electronic equipment assemblers
51-2022,8212,Electrical and electronic equipment assemblers
51-2023,8212,Electrical and electronic equipment assemblers
51-2031,8211,Mechanical machinery assemblers
51-2041,7214,Structural-metal preparers and erectors
51-2091,8142,Plastic products machine operators
51-2092,8219,Assemblers not elsewhere classified
51-2093,8212,Electrical and electronic equipment assemblers
51-2099,8219,Assemblers not elsewhere classified
51-3011,7512,"Bakers, pastry-cooks and confectionery makers"
51-3021,7511,"Butchers, fishmongers and related food preparers"
51-3022,7511,"Butchers, fishmongers and related food preparers"
51-3023,7511,"Butchers, fishmongers and related food preparers"
51-3091,8160,Food and related products machine operators
51-3091,7511,"Butchers, fishmongers and related food preparers"
51-3092,8160,Food and related products machine operators
51-3092,7513,Dairy-products makers
51-3093,7514,"Fruit, vegetable and related preservers"
51-3093,8160,Food and related products machine operators
51-3099,7514,"Fruit, vegetable and related preservers"
51-3099,8160,Food and related products machine operators
51-4011,7223,Metal working machine tool setters and operators
51-4012,3139,Process control technicians not elsewhere classified
51-4012,7222,Toolmakers and related workers
51-4021,7223,Metal working machine tool setters and operators
51-4021,8121,Metal processing plant operators
51-4021,8142,Plastic products machine operators
51-4022,7223,Metal working machine tool setters and operators
51-4022,8142,Plastic products machine operators
51-4022,7221,"Blacksmiths, hammersmiths and forging press workers"
51-4023,7223,Metal working machine tool setters and operators
51-4023,8121,Metal processing plant operators
51-4023,8142,Plastic products machine operators
51-4031,7223,Metal working machine tool setters and operators
51-4031,8142,Plastic products machine operators
51-4032,7223,Metal working machine tool setters and operators
51-4032,8142,Plastic products machine operators
51-4033,7223,Metal working machine tool setters and operators
51-4033,8142,Plastic products machine operators
51-4034,7223,Metal working machine tool setters and operators
51-4034,8142,Plastic products machine operators
51-4035,7223,Metal working machine tool setters and operators
51-4035,8142,Plastic products machine operators
51-4041,7223,Metal working machine tool setters and operators
51-4051,3135,Metal production process controllers
51-4051,8121,Metal processing plant operators
51-4052,8121,Metal processing plant operators
51-4061,7222,Toolmakers and related workers
51-4062,7222,Toolmakers and related workers
51-4071,7211,Metal moulders and coremakers
51-4072,7211,Metal moulders and coremakers
51-4072,8142,Plastic products machine operators
51-4081,7223,Metal working machine tool setters and operators
51-4111,7222,Toolmakers and related workers
51-4121,7212,Welders and flamecutters
51-4122,7212,Welders and flamecutters
51-4191,8121,Metal processing plant operators
51-4191,8142,Plastic products machine operators
51-4192,7213,Sheet-metal workers
51-4192,7222,Toolmakers and related workers
51-4193,8122,"Metal finishing, plating and coating machine operators"
51-4193,8142,Plastic products machine operators
51-4194,7224,"Metal polishers, wheel grinders and tool sharpeners"
51-4199,7223,Metal working machine tool setters and operators
51-4199,7221,"Blacksmiths, hammersmiths and forging press workers"
51-4199,8142,Plastic products machine operators
51-5111,7321,Pre-press technicians
51-5112,7322,Printers 
51-5113,7323,Print finishing and binding workers
51-6011,8157,Laundry machine operators
51-6021,9121,Hand launderers and pressers
51-6031,8153,Sewing machine operators
51-6041,7318,"Handicraft workers in textile, leather and related materials"
51-6041,7533,"Sewing, embroidery and related workers"
51-6041,7536,Shoemakers and related workers
51-6042,8156,Shoemaking and related machine operators
51-6051,7533,"Sewing, embroidery and related workers"
51-6052,7531,"Tailors, dressmakers, furriers and hatters"
51-6061,8154,"Bleaching, dyeing and fabric cleaning machine operators"
51-6062,7532,Garment and related pattern-makers and cutters
51-6063,8152,Weaving and knitting machine operators
51-6064,8151,"Fibre preparing, spinning and winding machine operators"
51-6091,8181,Glass and ceramics plant operators
51-6092,7532,Garment and related pattern-makers and cutters
51-6093,7534,Upholsterers and related workers
51-6099,7535,"Pelt dressers, tanners and fellmongers"
51-6099,8155,Fur and leather preparing machine operators
51-6099,8159,"Textile, fur and leather products machine operators not elsewhere classified"
51-7011,7522,Cabinet-makers and related workers
51-7021,7522,Cabinet-makers and related workers
51-7031,7522,Cabinet-makers and related workers
51-7032,7522,Cabinet-makers and related workers
51-7041,8172,Wood processing plant operators
51-7042,7523,Woodworking-machine tool setters and operators
51-7099,7317,"Handicraft workers in wood, basketry and related materials"
51-8011,3131,Power production plant operators
51-8012,3131,Power production plant operators
51-8013,3131,Power production plant operators
51-8021,8182,Steam engine and boiler operators
51-8031,3132,Incinerator and water treatment plant operators
51-8091,3133,Chemical processing plant controllers
51-8092,3134,Petroleum and natural gas refining plant operators
51-8093,3134,Petroleum and natural gas refining plant operators
51-8099,3132,Incinerator and water treatment plant operators
51-8099,8114,"Cement, stone and other mineral products machine operators"
51-9011,8131,Chemical products plant and machine operators
51-9012,7513,Dairy-products makers
51-9012,8131,Chemical products plant and machine operators
51-9021,8112,Mineral and stone processing plant operators
51-9021,8114,"Cement, stone and other mineral products machine operators"
51-9021,8141,Rubber products machine operators
51-9021,8181,Glass and ceramics plant operators
51-9022,7224,"Metal polishers, wheel grinders and tool sharpeners"
51-9022,7315,"Glass makers, cutters, grinders and finishers"
51-9023,8114,"Cement, stone and other mineral products machine operators"
51-9023,8181,Glass and ceramics plant operators
51-9031,7315,"Glass makers, cutters, grinders and finishers"
51-9031,7532,Garment and related pattern-makers and cutters
51-9032,8114,"Cement, stone and other mineral products machine operators"
51-9041,8141,Rubber products machine operators
51-9041,8160,Food and related products machine operators
51-9041,8181,Glass and ceramics plant operators
51-9041,7516,Tobacco preparers and tobacco products makers
51-9051,8141,Rubber products machine operators
51-9051,7521,Wood treaters
51-9051,8181,Glass and ceramics plant operators
51-9061,7543,Product graders and testers (excluding foods and beverages)
51-9071,7313,Jewellery and precious-metal workers
51-9081,3214,Medical and dental prosthetic technicians
51-9082,3214,Medical and dental prosthetic technicians
51-9083,7549,Craft and related workers not elsewhere classified
51-9111,8183,"Packing, bottling and labelling machine operators"
51-9121,8122,"Metal finishing, plating and coating machine operators"
51-9121,7132,Spray painters and varnishers
51-9122,7132,Spray painters and varnishers
51-9123,7316,"Sign writers, decorative painters, engravers and etchers"
51-9141,8189,Stationary plant and machine operators not elsewhere classified
51-9151,8132,Photographic products machine operators
51-9191,7521,Wood treaters
51-9191,8143,Paper products machine operators
51-9191,8189,Stationary plant and machine operators not elsewhere classified
51-9192,8171,Pulp and papermaking plant operators
51-9192,8112,Mineral and stone processing plant operators
51-9192,8122,"Metal finishing, plating and coating machine operators"
51-9193,8160,Food and related products machine operators
51-9193,8189,Stationary plant and machine operators not elsewhere classified
51-9194,7316,"Sign writers, decorative painters, engravers and etchers"
51-9194,8212,Electrical and electronic equipment assemblers
51-9195,7314,Potters and related workers
51-9195,7315,"Glass makers, cutters, grinders and finishers"
51-9195,7516,Tobacco preparers and tobacco products makers
51-9195,8181,Glass and ceramics plant operators
51-9195,8131,Chemical products plant and machine operators
51-9195,8141,Rubber products machine operators
51-9196,8171,Pulp and papermaking plant operators
51-9196,8143,Paper products machine operators
51-9197,8141,Rubber products machine operators
51-9198,9329,Manufacturing labourers not elsewhere classified
51-9199,9329,Manufacturing labourers not elsewhere classified
53-1011,9333,Freight handlers
53-1021,9333,Freight handlers
53-1031,3151,Ships' engineers
53-1031,3152,Ships' deck officers and pilots
53-1031,3153,Aircraft pilots and related associate professionals
53-1031,3154,Air traffic controllers
53-1031,3257,Environmental and occupational health inspectors and associates
53-1031,5111,Travel attendants and travel stewards
53-1031,5112,Transport conductors
53-1031,5245,Service station attendants
53-1031,8311,Locomotive engine drivers
53-1031,8312,"Railway brake, signal and switch operators"
53-1031,8321,Motorcycle drivers
53-1031,8322,"Car, taxi and van drivers"
53-1031,8331,Bus and tram drivers
53-1031,8332,Heavy truck and lorry drivers
53-1031,8343,"Crane, hoist and related plant operators"
53-1031,8344,Lifting truck operators
53-1031,9611,Garbage and recycling collectors
53-2011,3153,Aircraft pilots and related associate professionals
53-2012,3153,Aircraft pilots and related associate professionals
53-2021,3154,Air traffic controllers
53-2022,315,Ship and aircraft controllers and technicians
53-2031,5111,Travel attendants and travel stewards
53-3011,8322,"Car, taxi and van drivers"
53-3021,8331,Bus and tram drivers
53-3022,8331,Bus and tram drivers
53-3031,8322,"Car, taxi and van drivers"
53-3032,8332,Heavy truck and lorry drivers
53-3033,8322,"Car, taxi and van drivers"
53-3041,8322,"Car, taxi and van drivers"
53-3099,8321,Motorcycle drivers
53-4011,8311,Locomotive engine drivers
53-4012,8311,Locomotive engine drivers
53-4013,8311,Locomotive engine drivers
53-4021,8312,"Railway brake, signal and switch operators"
53-4031,8312,"Railway brake, signal and switch operators"
53-4041,8311,Locomotive engine drivers
53-4041,8331,Bus and tram drivers
53-4099,8312,"Railway brake, signal and switch operators"
53-5011,8350,Ships' deck crews and related workers
53-5021,3152,Ships' deck officers and pilots
53-5022,8350,Ships' deck crews and related workers
53-5031,3151,Ships' engineers
53-6011,8343,"Crane, hoist and related plant operators"
53-6021,9629,Elementary workers not elsewhere classified
53-6031,5245,Service station attendants
53-6041,3119,Physical and engineering science technicians not elsewhere classified
53-6051,3257,Environmental and occupational health inspectors and associates
53-6061,5111,Travel attendants and travel stewards
53-6061,5112,Transport conductors
53-6099,9331,Hand and pedal vehicle drivers
53-6099,9332,Drivers of animal-drawn vehicles and machinery
53-7011,8189,Stationary plant and machine operators not elsewhere classified
53-7021,8343,"Crane, hoist and related plant operators"
53-7031,8342,Earthmoving and related plant operators
53-7032,8111,Miners and quarriers
53-7032,8342,Earthmoving and related plant operators
53-7033,8111,Miners and quarriers
53-7041,8343,"Crane, hoist and related plant operators"
53-7051,8344,Lifting truck operators
53-7061,9112,"Cleaners and helpers in offices, hotels and other establishments"
53-7061,9122,Vehicle cleaners
53-7062,9329,Manufacturing labourers not elsewhere classified
53-7062,9333,Freight handlers
53-7062,9624,Water and firewood collectors
53-7063,9329,Manufacturing labourers not elsewhere classified
53-7064,9321,Hand packers
53-7071,3134,Petroleum and natural gas refining plant operators
53-7072,3132,Incinerator and water treatment plant operators
53-7072,3134,Petroleum and natural gas refining plant operators
53-7073,8113,Well drillers and borers and related workers
53-7081,9611,Garbage and recycling collectors
53-7081,9612,Refuse sorters
53-7111,8311,Locomotive engine drivers
53-7121,9333,Freight handlers
53-7199,9331,Hand and pedal vehicle drivers
53-7199,9332,Drivers of animal-drawn vehicles and machinery
55-1011,110,Commissioned armed forces officers
55-1012,110,Commissioned armed forces officers
55-1013,110,Commissioned armed forces officers
55-1014,110,Commissioned armed forces officers
55-1015,110,Commissioned armed forces officers
55-1016,110,Commissioned armed forces officers
55-1017,110,Commissioned armed forces officers
55-1019,110,Commissioned armed forces officers
55-2011,210,Non-commissioned armed forces officers
55-2012,210,Non-commissioned armed forces officers
55-2013,210,Non-commissioned armed forces officers
55-3011,310,"Armed forces occupations, other ranks"
55-3012,310,"Armed forces occupations, other ranks"
55-3013,310,"Armed forces occupations, other ranks"
55-3014,310,"Armed forces occupations, other ranks"
55-3015,310,"Armed forces occupations, other ranks"
55-3016,310,"Armed forces occupations, other ranks"
55-3017,310,"Armed forces occupations, other ranks"
55-3018,310,"Armed forces occupations, other ranks"
55-3019,310,"Armed forces occupations, other ranks"
