isco_code,anzsco_code,anzsco_title
0110,111212,Defence Force Senior Officer
0110,139111,Commissioned Defence Force Officer
0210,139211,Senior Non-commissioned Defence Force Member
0310,441111,Defence Force Member - Other Ranks
1111,111311,Local Government Legislator
1111,111312,Member of Parliament
1111,111399,Legislators nec
1112,111111,Chief Executive or Managing Director
1112,111211,Corporate General Manager
1112,139999,Specialist Managers nec
1113,xxxxxx,No Correspondence
1114,111111,Chief Executive or Managing Director
1114,111211,Corporate General Manager
1120,111111,Chief Executive or Managing Director
1120,111211,Corporate General Manager
1211,132111,Corporate Services Manager
1211,132211,Finance Manager
1211,221211,Company Secretary
1211,221212,Corporate Treasurer
1212,132311,Human Resource Manager
1213,132411,Policy and Planning Manager
1213,139916,Quality Assurance Manager
1213,139917,Regulatory Affairs Manager
1219,132111,Corporate Services Manager
1219,149212,Customer Service Manager
1219,149913,Facilities Manager
1221,131112,Sales and Marketing Manager
1222,131113,Advertising Manager
1222,131114,Public Relations Manager
1223,132511,Research and Development Manager
1311,121311,Apiarist
1311,121312,Beef Cattle Farmer
1311,121313,Dairy Cattle Farmer
1311,121314,Deer Farmer
1311,121315,Goat Farmer
1311,121316,Horse Breeder
1311,121318,Pig Farmer
1311,121321,Poultry Farmer
1311,121322,Sheep Farmer
1311,121323,Mixed Cattle and Sheep Farmer
1311,121399,Livestock Farmers nec
1311,121511,Cotton Grower
1311,121512,"Grain, Oilseed, Pulse or Pasture Grower / Field Crop Grower"
1311,121513,Sugar Cane Grower
1311,121599,Broadacre Crop Growers nec
1311,121611,Flower Grower
1311,121612,Fruit Grower
1311,121613,Nut Grower
1311,121616,Vegetable Grower (Aus) / Market Gardener (NZ)
1311,121699,Horticultural Crop Growers nec
1311,121711,Broadacre Crop and Livestock Farmer
1311,121799,Mixed Production Farmers nec
1311,133511,Production Manager (Forestry)
1312,121111,Aquaculture Farmer
1321,133411,Manufacturer
1321,133512,Production Manager (Manufacturing)
1321,139999,Specialist Managers nec
1322,133513,Production Manager (Mining)
1323,133111,Construction Project Manager
1323,133112,Project Builder
1324,133311,Importer or Exporter
1324,133611,Supply and Distribution Manager
1324,133612,Procurement Manager
1324,149411,Fleet Manager
1324,149412,Railway Station Manager
1324,149413,Transport Company Manager
1330,135111,Chief Information Officer
1330,135112,ICT Project Manager
1330,135199,ICT Managers nec
1341,134111,Child Care Centre Manager
1342,134211,Medical Administrator / Medical Superintendent
1342,134212,Nursing Clinical Director
1342,134213,Primary Health Organisation Manager
1342,134299,Health and Welfare Services Managers nec
1342,512211,Health Practice Manager
1343,134299,Health and Welfare Services Managers nec
1343,141912,Retirement Village Manager
1344,134214,Welfare Centre Manager
1344,134299,Health and Welfare Services Managers nec
1345,134311,School Principal
1345,134411,Faculty Head
1345,134412,Regional Education Manager
1345,134499,Education Managers nec
1346,149914,Financial Institution Branch Manager
1349,133211,Engineering Manager
1349,139112,Commissioned Fire Officer
1349,139113,Commissioned Police Officer
1349,139911,Arts Administrator or Manager
1349,139912,Environmental Manager
1349,139913,Laboratory Manager
1349,139915,Sports Administrator
1349,139999,Specialist Managers nec
1349,224611,Librarian
1411,141311,Hotel or Motel Manager
1411,141999,Accommodation and Hospitality Managers nec
1412,141111,Cafe or Restaurant Manager
1420,133312,Wholesaler
1420,142111,Retail Manager (General)
1420,142112,Antique Dealer
1420,142113,Betting Agency Manager
1420,142114,Hair or Beauty Salon Manager
1420,142115,Post Office Manager
1431,149111,Amusement Centre Manager
1431,149112,Fitness Centre Manager
1431,149113,Sports Centre Manager
1431,149912,Cinema or Theatre Manager
1439,141211,Caravan Park and Camping Ground Manager
1439,141411,Licensed Club Manager
1439,141999,Accommodation and Hospitality Managers nec
1439,142116,Travel Agency Manager
1439,149211,Call or Contact Centre Manager
1439,149212,Customer Service Manager
1439,149311,Conference and Event Organiser
1439,149911,Boarding Kennel or Cattery Operator
1439,149913,Facilities Manager
1439,149915,Equipment Hire Manager
1439,149999,"Hospitality, Retail and Service Managers nec"
2111,234914,Physicist
2112,234913,Meteorologist
2113,234211,Chemist
2114,234411,Geologist
2114,234412,Geophysicist
2114,234413,Hydrogeologist
2120,224111,Actuary
2120,224112,Mathematician
2120,224114,Data Analyst
2120,224115,Data Scientist
2120,224116,Statistician
2131,234115,Agronomist
2131,234116,Aquaculture or Fisheries Scientist
2131,234511,Life Scientist (General)
2131,234513,Biochemist
2131,234514,Biotechnologist
2131,234515,Botanist
2131,234516,Marine Biologist
2131,234517,Microbiologist
2131,234521,Entomologist
2131,234522,Zoologist
2131,234599,Life Scientists nec
2131,234611,Medical Laboratory Scientist
2132,234111,Agricultural Consultant
2132,234113,Forester / Forest Scientist
2132,234114,Agricultural Research Scientist
2132,234115,Agronomist
2132,234116,Aquaculture or Fisheries Scientist
2132,234399,Environmental Scientists nec
2133,234311,Conservation Officer
2133,234312,Environmental Consultant
2133,234313,Environmental Research Scientist
2133,234314,Park Ranger
2133,234399,Environmental Scientists nec
2141,233511,Industrial Engineer
2141,233513,Production or Plant Engineer
2141,233914,Engineering Technologist
2142,233211,Civil Engineer
2142,233212,Geotechnical Engineer
2142,233214,Structural Engineer
2142,233215,Transport Engineer
2142,233914,Engineering Technologist
2143,233915,Environmental Engineer
2144,233512,Mechanical Engineer
2144,233911,Aeronautical Engineer
2144,233912,Agricultural Engineer
2144,233914,Engineering Technologist
2144,233916,Naval Architect / Marine Designer
2145,233111,Chemical Engineer
2145,233914,Engineering Technologist
2145,234212,Food Technologist
2145,234213,Wine Maker
2146,233611,Mining Engineer (excluding Petroleum)
2146,233612,Petroleum Engineer
2146,233914,Engineering Technologist
2146,234912,Metallurgist
2146,234999,Natural and Physical Science Professionals nec
2149,233112,Materials Engineer
2149,233213,Quantity Surveyor
2149,233511,Industrial Engineer
2149,233912,Agricultural Engineer
2149,233913,Biomedical Engineer
2149,233914,Engineering Technologist
2149,233999,Engineering Professionals nec
2149,312611,Safety Inspector
2151,233311,Electrical Engineer
2151,233914,Engineering Technologist
2152,233411,Electronics Engineer
2152,233914,Engineering Technologist
2153,263311,Telecommunications Engineer
2153,263312,Telecommunications Network Engineer
2161,232111,Architect
2161,232511,Interior Designer
2162,232112,Landscape Architect
2163,232311,Fashion Designer
2163,232312,Industrial Designer
2163,232313,Jewellery Designer
2164,232611,Urban and Regional Planner
2165,232212,Surveyor
2165,232213,Cartographer
2165,232214,Other Spatial Scientist
2166,232411,Graphic Designer
2166,232412,Illustrator
2166,232413,Multimedia Designer
2166,232414,Web Designer
2211,253111,General Practitioner
2211,253112,Resident Medical Officer
2212,253211,Anaesthetist
2212,253311,Specialist Physician (General Medicine)
2212,253312,Cardiologist
2212,253313,Clinical Haematologist
2212,253314,Medical Oncologist
2212,253315,Endocrinologist
2212,253316,Gastroenterologist
2212,253317,Intensive Care Specialist
2212,253318,Neurologist
2212,253321,Paediatrician
2212,253322,Renal Medicine Specialist
2212,253323,Rheumatologist
2212,253324,Thoracic Medicine Specialist
2212,253399,Specialist Physicians nec
2212,253411,Psychiatrist
2212,253511,Surgeon (General)
2212,253512,Cardiothoracic Surgeon
2212,253513,Neurosurgeon
2212,253514,Orthopaedic Surgeon
2212,253515,Otorhinolaryngologist
2212,253516,Paediatric Surgeon
2212,253517,Plastic and Reconstructive Surgeon
2212,253518,Urologist
2212,253521,Vascular Surgeon
2212,253911,Dermatologist
2212,253912,Emergency Medicine Specialist
2212,253913,Obstetrician and Gynaecologist
2212,253914,Ophthalmologist
2212,253915,Pathologist
2212,253917,Diagnostic and Interventional Radiologist
2212,253918,Radiation Oncologist
2212,253999,Medical Practitioners nec
2221,254211,Nurse Educator
2221,254212,Nurse Researcher
2221,254311,Nurse Manager
2221,254411,Nurse Practitioner
2221,254412,Registered Nurse (Aged Care)
2221,254413,Registered Nurse (Child and Family Health)
2221,254414,Registered Nurse (Community Health)
2221,254415,Registered Nurse (Critical Care and Emergency)
2221,254416,Registered Nurse (Developmental Disability)
2221,254417,Registered Nurse (Disability and Rehabilitation)
2221,254418,Registered Nurse (Medical)
2221,254421,Registered Nurse (Medical Practice)
2221,254422,Registered Nurse (Mental Health)
2221,254423,Registered Nurse (Perioperative)
2221,254424,Registered Nurse (Surgical)
2221,254425,Registered Nurse (Paediatrics)
2221,254499,Registered Nurses nec
2222,254111,Midwife
2230,252211,Acupuncturist
2230,252212,Homoeopath
2230,252213,Naturopath
2230,252214,Traditional Chinese Medicine Practitioner
2230,252215,Traditional Māori Health Practitioner
2230,252299,Complementary Health Therapists nec
2240,411112,Intensive Care Ambulance Paramedic (Aus) / Ambulance Paramedic (NZ)
2250,234711,Veterinarian
2261,252311,Dental Specialist
2261,252312,Dentist
2262,251511,Hospital Pharmacist
2262,251512,Industrial Pharmacist
2262,251513,Retail Pharmacist
2263,251311,Environmental Health Officer
2263,251312,Occupational Health and Safety Adviser
2264,252511,Physiotherapist
2265,251111,Dietitian
2265,251112,Nutritionist
2266,252711,Audiologist
2266,252712,Speech Pathologist / Speech Language Therapist
2267,251411,Optometrist
2267,251412,Orthoptist
2269,234612,Respiratory Scientist
2269,234915,Exercise Physiologist
2269,234999,Natural and Physical Science Professionals nec
2269,251999,Health Diagnostic and Promotion Professionals nec
2269,252111,Chiropractor
2269,252112,Osteopath
2269,252299,Complementary Health Therapists nec
2269,252411,Occupational Therapist
2269,252611,Podiatrist
2310,242111,University Lecturer
2310,242112,University Tutor
2310,242211,Vocational Education Teacher / Polytechnic Teacher
2320,242211,Vocational Education Teacher / Polytechnic Teacher
2330,241311,Middle School Teacher / Intermediate School Teacher
2330,241411,Secondary School Teacher
2341,241211,Kaiako Kura Kaupapa Māori (Māori-medium Primary School Teacher)
2341,241212,Pouako Kura Kaupapa Māori (Māori-medium Primary School Senior Teacher)
2341,241213,Primary School Teacher
2341,241311,Middle School Teacher / Intermediate School Teacher
2341,422113,Kaiāwhina Kohanga Reo (Māori Language Nest Assistant)
2341,422114,Kaiāwhina Kura Kaupapa Māori (Māori-medium School Assistant)
2342,241111,Early Childhood (Pre-primary School) Teacher
2342,241112,Kaiako Kohanga Reo (Māori Language Nest Teacher)
2351,249111,Education Adviser
2351,249112,Education Reviewer
2352,241511,Special Needs Teacher
2352,241512,Teacher of the Hearing Impaired
2352,241513,Teacher of the Sight Impaired
2352,241599,Special Education Teachers nec
2353,249299,Private Tutors and Teachers nec
2353,249311,Teacher of English to Speakers of Other Languages
2354,249214,Music Teacher (Private Tuition)
2355,249211,Art Teacher (Private Tuition)
2355,249212,Dance Teacher (Private Tuition)
2355,249213,Drama Teacher (Private Tuition)
2356,223311,Training and Development Professional
2359,249299,Private Tutors and Teachers nec
2359,272115,Student Counsellor
2411,221111,Accountant (General)
2411,221112,Management Accountant
2411,221113,Taxation Accountant
2411,221213,External Auditor
2411,221214,Internal Auditor
2412,222311,Financial Investment Adviser
2412,222312,Financial Investment Manager
2413,222299,Financial Dealers nec
2421,139916,Quality Assurance Manager
2421,139917,Regulatory Affairs Manager
2421,224712,Organisation and Methods Analyst
2421,224713,Management Consultant
2421,224714,Supply Chain Analyst
2422,224411,Intelligence Officer
2422,224412,Policy Analyst
2422,224911,Electorate Officer
2423,223111,Human Resource Adviser
2423,223112,Recruitment Consultant
2423,223113,Workplace Relations Adviser
2423,272111,Careers Counsellor
2424,223311,Training and Development Professional
2431,212411,Copywriter
2431,225111,Advertising Specialist
2431,225112,Market Research Analyst
2431,225113,Marketing Specialist
2431,225114,Content Creator (Marketing)
2431,225115,Digital Marketing Analyst
2432,212411,Copywriter
2432,224912,Liaison Officer
2432,225311,Public Relations Professional
2433,225411,Sales Representative (Industrial Products)
2433,225412,Sales Representative (Medical and Pharmaceutical Products)
2433,225499,Technical Sales Representatives nec
2433,234115,Agronomist
2434,225211,ICT Account Manager
2434,225212,ICT Business Development Manager
2434,225213,ICT Sales Representative
2511,261111,ICT Business Analyst
2511,261112,Systems Analyst
2512,261311,Analyst Programmer
2512,261313,Software Engineer
2512,261315,Cyber Security Engineer
2512,261316,Devops Engineer
2513,261211,Multimedia Specialist
2513,261212,Web Developer
2514,261312,Developer Programmer
2519,261113,User Experience Designer (ICT)
2519,261314,Software Tester
2519,261317,Penetration Tester
2519,261399,Software and Applications Programmers nec
2519,263211,ICT Quality Assurance Engineer
2519,263212,ICT Support Engineer
2519,263213,ICT Systems Test Engineer
2519,263299,ICT Support and Test Engineers nec
2521,262111,Database Administrator
2522,262113,Systems Administrator
2522,263112,Network Administrator
2523,263111,Computer Network and Systems Engineer
2523,263113,Network Analyst
2529,262114,Cyber Governance Risk and Compliance Specialist
2529,262115,Cyber Security Advice and Assessment Specialist
2529,262116,Cyber Security Analyst
2529,262117,Cyber Security Architect
2529,262118,Cyber Security Operations Coordinator
2611,271111,Barrister
2611,271214,Intellectual Property Lawyer
2611,271311,Solicitor
2612,271211,Judge
2612,271212,Magistrate
2619,224913,Migration Agent / Immigration Consultant
2619,271213,Tribunal Member
2619,271299,Judicial and Other Legal Professionals nec
2621,224211,Archivist
2621,224212,Gallery or Museum Curator
2621,224214,Records Manager
2621,234911,Conservator
2622,224214,Records Manager
2622,224611,Librarian
2622,224999,Information and Organisation Professionals nec
2631,224311,Economist
2631,224511,Land Economist
2632,272414,Archaeologist
2632,272499,Social Professionals nec
2633,272411,Historian
2633,272499,Social Professionals nec
2634,272311,Clinical Psychologist
2634,272312,Educational Psychologist
2634,272313,Organisational Psychologist
2634,272314,Psychotherapist
2634,272399,Psychologists nec
2635,272112,Drug and Alcohol Counsellor
2635,272113,Family and Marriage Counsellor
2635,272114,Rehabilitation Counsellor
2635,272199,Counsellors nec
2635,272511,Social Worker
2635,272611,Community Arts Worker
2635,272612,Recreation Officer / Recreation Coordinator
2635,272613,Welfare Worker
2635,411714,Parole or Probation Officer
2636,139999,Specialist Managers nec
2636,272211,Minister of Religion
2641,212211,Author
2641,212212,Book or Script Editor
2641,212415,Technical Writer
2641,212499,Journalists and Other Writers nec
2642,212412,Newspaper or Periodical Editor
2642,212413,Print Journalist
2642,212414,Radio Journalist
2642,212416,Television Journalist
2642,212499,Journalists and Other Writers nec
2643,272412,Interpreter
2643,272413,Translator
2643,272499,Social Professionals nec
2651,211411,Painter (Visual Arts)
2651,211412,Potter or Ceramic Artist
2651,211413,Sculptor
2651,232412,Illustrator
2652,211113,Entertainer or Variety Artist
2652,211211,Composer
2652,211212,Music Director
2652,211213,Musician (Instrumental)
2652,211214,Singer
2652,211299,Music Professionals nec
2653,211112,Dancer or Choreographer
2654,212111,Artistic Director
2654,212112,Media Producer (excluding Video)
2654,212311,"Art Director (Film, Television or Stage)"
2654,212312,"Director (Film, Television, Radio or Stage)"
2654,212313,Director of Photography
2654,212314,Film and Video Editor
2654,212315,Program Director (Television or Radio)
2654,212317,Technical Director
2654,212318,Video Producer
2654,212399,"Film, Television, Radio and Stage Directors nec"
2655,211111,Actor
2655,211199,"Actors, Dancers and Other Entertainers nec"
2656,212113,Radio Presenter
2656,212114,Television Presenter
2659,211113,Entertainer or Variety Artist
2659,211199,"Actors, Dancers and Other Entertainers nec"
3111,311411,Chemistry Technician
3111,311412,Earth Science Technician
3111,311414,School Laboratory Technician
3111,311415,Hydrographer
3111,311499,Science Technicians nec
3112,312112,Building Associate
3112,312113,Building Inspector
3112,312114,Construction Estimator
3112,312116,Surveying or Spatial Science Technician
3112,312212,Civil Engineering Technician
3113,312312,Electrical Engineering Technician
3114,312412,Electronic Engineering Technician
3115,231215,Marine Surveyor
3115,312512,Mechanical Engineering Technician
3116,312999,Building and Engineering Technicians nec
3117,312611,Safety Inspector
3117,312912,Metallurgical or Materials Technician
3117,312913,Mine Deputy
3118,312111,Architectural Draftsperson
3118,312116,Surveying or Spatial Science Technician
3118,312211,Civil Engineering Draftsperson
3118,312311,Electrical Engineering Draftsperson
3118,312411,Electronic Engineering Draftsperson
3118,312511,Mechanical Engineering Draftsperson
3118,312914,Other Draftsperson
3119,311499,Science Technicians nec
3119,312199,"Architectural, Building and Surveying Technicians nec"
3119,312912,Metallurgical or Materials Technician
3119,312999,Building and Engineering Technicians nec
3119,399916,Plastics Technician
3119,399918,Fire Protection Equipment Technician
3121,312913,Mine Deputy
3122,133512,Production Manager (Manufacturing)
3123,133111,Construction Project Manager
3123,312112,Building Associate
3131,399212,Gas or Petroleum Operator
3131,399213,Power Generation Plant Operator
3132,712921,Waste Water or Water Plant Operator
3132,712999,Stationary Plant Operators nec
3133,399211,Chemical Plant Operator
3134,399212,Gas or Petroleum Operator
3135,712311,Engineering Production Worker
3139,712916,Paper and Pulp Mill Operator
3139,832211,Product Assembler
3141,311413,Life Science Technician
3142,311112,Agricultural and Agritech Technician
3142,311113,Animal Husbandry Technician
3142,311114,Aquaculture or Fisheries Technician
3142,311115,Irrigation Designer
3143,311112,Agricultural and Agritech Technician
3143,311413,Life Science Technician
3151,231212,Ship's Engineer
3152,231213,Ship's Master
3152,231214,Ship's Officer
3152,231299,Marine Transport Professionals nec
3153,231111,Aeroplane Pilot
3153,231113,Flying Instructor
3153,231114,Helicopter Pilot
3153,231199,Air Transport Professionals nec
3154,231112,Air Traffic Controller
3155,312412,Electronic Engineering Technician
3155,313211,Radiocommunications Technician
3211,251211,Medical Diagnostic Radiographer
3211,251212,Medical Radiation Therapist
3211,251213,Nuclear Medicine Technologist
3211,251214,Sonographer
3211,311212,Cardiac Technician
3212,234611,Medical Laboratory Scientist
3212,311213,Medical Laboratory Technician
3213,311215,Pharmacy Technician
3214,251912,Orthotist or Prosthetist
3214,311217,Respiratory Technician
3214,311299,Medical Technicians nec
3214,411212,Dental Prosthetist
3214,411213,Dental Technician
3221,411411,Enrolled Nurse
3222,411412,Mothercraft Nurse
3230,451511,Natural Remedy Consultant
3230,451513,Herbalist (Western)
3240,311413,Life Science Technician
3240,361311,Veterinary Nurse
3251,411211,Dental Hygienist
3251,411214,Dental Therapist
3251,423211,Dental Assistant
3252,224213,Health Information Manager
3252,561311,Filing or Registry Clerk
3252,599915,Clinical Coder
3253,251911,Health Promotion Officer
3253,411511,Aboriginal and Torres Strait Islander Health Worker
3253,411512,Kaiāwhina (Hauora) (Māori Health Assistant)
3254,399913,Optical Dispenser / Dispensing Optician
3255,411611,Massage Therapist
3255,423314,Therapy Aide
3256,311299,Medical Technicians nec
3257,251311,Environmental Health Officer
3257,311312,Meat Inspector
3257,311314,Primary Products Quality Assurance Officer
3257,311399,Primary Products Assurance and Inspection Officers nec
3257,312611,Safety Inspector
3257,599514,"Invasive Pest, Weed and Disease Inspector"
3257,599521,Water Inspector
3257,599599,Inspectors and Regulatory Officers nec
3258,411111,Ambulance Officer
3258,411112,Intensive Care Ambulance Paramedic (Aus) / Ambulance Paramedic (NZ)
3259,252299,Complementary Health Therapists nec
3259,311211,Anaesthetic Technician
3259,311212,Cardiac Technician
3259,311214,Operating Theatre Technician
3259,311299,Medical Technicians nec
3259,411311,Diversional Therapist
3259,423314,Therapy Aide
3311,222112,Finance Broker
3311,222199,Financial Brokers nec
3311,222211,Financial Market Dealer
3311,222213,Stockbroking Dealer
3311,222299,Financial Dealers nec
3312,552211,Credit or Loans Officer (Aus) / Finance Clerk (NZ)
3313,551211,Bookkeeper
3313,552314,Statistical Clerk
3314,552314,Statistical Clerk
3315,224512,Valuer
3315,599611,Insurance Investigator
3315,599612,Insurance Loss Adjuster
3315,599613,Insurance Risk Surveyor
3321,222113,Insurance Broker
3321,552312,Insurance Consultant
3321,611211,Insurance Agent
3322,611311,Sales Representative (Building and Plumbing Supplies)
3322,611312,Sales Representative (Business Services)
3322,611313,Sales Representative (Motor Vehicle Parts and Accessories)
3322,611314,Sales Representative (Personal and Household Goods)
3322,611399,Sales Representatives nec
3323,639211,Retail Buyer
3323,639212,Wool Buyer
3323,639911,Other Sales Support Worker
3324,149999,"Hospitality, Retail and Service Managers nec"
3324,222111,Commodities Trader
3324,222212,Futures Trader
3331,591212,Import-Export Clerk
3332,149311,Conference and Event Organiser
3333,223112,Recruitment Consultant
3334,612111,Business Broker
3334,612112,Property Manager
3334,612113,Real Estate Agency Principal / Real Estate Agency Licensee
3334,612114,Real Estate Agent
3334,612115,Real Estate Representative
3339,222199,Financial Brokers nec
3339,223112,Recruitment Consultant
3339,224912,Liaison Officer
3339,224999,Information and Organisation Professionals nec
3339,442216,Security Consultant
3339,511111,Contract Administrator
3339,511112,Program or Project Administrator
3339,599916,Facilities Administrator
3339,611111,Auctioneer
3339,611112,Stock and Station Agent
3339,611312,Sales Representative (Business Services)
3341,512111,Office Manager
3341,512299,Practice Managers nec
3341,541111,Call or Contact Centre Team Leader
3342,512299,Practice Managers nec
3342,521212,Legal Secretary
3343,521111,Personal Assistant
3343,521211,Secretary (General)
3343,532112,Machine Shorthand Reporter
3344,512211,Health Practice Manager
3344,542114,Medical Receptionist
3351,311313,Biosecurity Officer
3351,599511,Customs Officer
3351,599512,Immigration Officer
3352,599516,Taxation Inspector
3353,599515,Social Security Assessor
3354,599513,Motor Vehicle Licence Examiner
3354,599599,Inspectors and Regulatory Officers nec
3354,599999,Clerical and Administrative Workers nec
3355,441311,Detective
3359,224914,Patents Examiner
3359,311311,Fisheries Officer
3359,311313,Biosecurity Officer
3359,311314,Primary Products Quality Assurance Officer
3359,311399,Primary Products Assurance and Inspection Officers nec
3359,312115,Plumbing Inspector
3359,561913,Parking Inspector
3359,599517,Train Examiner
3359,599599,Inspectors and Regulatory Officers nec
3411,442214,Private Investigator
3411,599111,Conveyancer
3411,599112,Legal Executive
3411,599211,Clerk of Court
3411,599212,Court Bailiff or Sheriff (Aus) / Court Collections Officer (NZ)
3411,599213,Court Orderly (Aus) / Court Registry Officer (NZ)
3411,599214,Law Clerk
3411,599215,Trust Officer
3412,224912,Liaison Officer
3412,224999,Information and Organisation Professionals nec
3412,411711,Community Worker
3412,411712,Disabilities Services Officer
3412,411713,Family Support Worker
3412,411715,Residential Care Officer
3412,411716,Youth Worker
3412,423413,Refuge Worker
3413,272211,Minister of Religion
3413,451816,Religious Assistant
3413,451899,Personal Service Workers nec
3421,452411,Footballer
3421,452412,Golfer
3421,452413,Jockey
3421,452499,Sportspersons nec
3422,452311,Diving Instructor (Open Water)
3422,452312,Gymnastics Coach or Instructor
3422,452314,Snowsport Instructor
3422,452315,Swimming Coach or Instructor
3422,452316,Tennis Coach
3422,452317,Other Sports Coach or Instructor
3422,452318,Dog and Horse Racing Official
3422,452321,Sports Development Officer
3422,452322,Sports Umpire
3422,452323,Other Sports Official
3423,452111,Fitness Instructor
3423,452211,Bungy Jump Master
3423,452212,Fishing Guide
3423,452213,Hunting Guide
3423,452214,Mountain or Glacier Guide
3423,452215,Outdoor Adventure Instructor
3423,452216,Trekking Guide
3423,452217,Whitewater Rafting Guide
3423,452299,Outdoor Adventure Guides nec
3423,452313,Horse Riding Coach or Instructor
3431,211311,Photographer
3431,399915,Photographer's Assistant
3432,232511,Interior Designer
3432,399912,Interior Decorator
3432,639511,Visual Merchandiser
3433,399311,Gallery or Museum Technician
3433,399312,Library Technician
3434,351311,Chef
3435,211199,"Actors, Dancers and Other Entertainers nec"
3435,212316,Stage Manager
3435,399513,Light Technician
3435,399516,Sound Technician
3435,399599,Performing Arts Technicians nec
3435,451814,Body Artist
3511,313199,ICT Support Technicians nec
3512,313112,ICT Customer Support Officer
3513,313112,ICT Customer Support Officer
3514,313113,Web Administrator
3521,342312,Communications Operator
3521,399511,Broadcast Transmitter Operator
3521,399512,"Camera Operator (Film, Television or Video)"
3521,399516,Sound Technician
3521,399517,Television Equipment Operator
3521,399599,Performing Arts Technicians nec
3521,599912,"Production Assistant (Film, Television, Radio or Stage)"
3521,711912,Motion Picture Projectionist
3522,313211,Radiocommunications Technician
3522,313212,Telecommunications Field Engineer
3522,313213,Telecommunications Network Planner
3522,313214,Telecommunications Technical Officer or Technologist
4110,531111,General Clerk
4110,599213,Court Orderly (Aus) / Court Registry Officer (NZ)
4120,521211,Secretary (General)
4131,532113,Word Processing Operator
4132,532111,Data Entry Operator
4211,552111,Bank Worker
4211,621111,Sales Assistant (General)
4212,431311,Gaming Worker
4212,552311,Bookmaker
4212,561111,Betting Agency Counter Clerk
4212,561112,Bookmaker's Clerk
4212,561113,Telephone Betting Clerk
4212,561199,Betting Clerks nec
4213,621111,Sales Assistant (General)
4214,599311,Debt Collector
4221,451611,Tourist Information Officer
4221,451612,Travel Consultant
4221,639411,Ticket Seller
4222,541112,Call or Contact Centre Operator
4223,561611,Switchboard Operator
4224,542113,Hotel or Motel Receptionist
4225,541211,Information Officer
4226,542111,Receptionist (General)
4226,542114,Medical Receptionist
4227,561511,Survey Interviewer
4229,542112,Admissions Clerk
4229,599914,Radio Despatcher
4311,551111,Accounts Clerk
4311,551112,Cost Clerk
4311,551211,Bookkeeper
4312,552312,Insurance Consultant
4312,552313,Money Market Clerk
4312,552314,Statistical Clerk
4313,551311,Payroll Clerk
4321,591113,Purchasing Officer
4321,591115,Stock Clerk
4321,591116,Warehouse Administrator
4321,591117,Order Clerk
4321,591211,Despatching and Receiving Clerk
4321,712922,Weighbridge Operator
4321,741111,Storeperson
4322,312911,Maintenance Planner
4322,591112,Production Clerk
4323,591211,Despatching and Receiving Clerk
4323,599518,Transport Operations Inspector
4323,599999,Clerical and Administrative Workers nec
4411,599711,Library Assistant
4412,561212,Postal Delivery Officer
4412,561411,Mail Clerk
4412,561412,Postal Sorting Officer
4413,599913,Proof Reader
4413,599999,Clerical and Administrative Workers nec
4414,599999,Clerical and Administrative Workers nec
4415,561311,Filing or Registry Clerk
4416,599411,Human Resource Clerk
4419,561911,Classified Advertising Clerk
4419,561999,Clerical and Office Support Workers nec
4419,599999,Clerical and Administrative Workers nec
5111,451711,Flight Attendant
5111,451799,Travel Attendants nec
5112,639412,Transport Conductor
5113,451411,Gallery or Museum Guide
5113,451412,Tour Guide
5120,351411,Cook
5131,431211,Cafe Worker
5131,431511,Waiter
5132,431111,Bar Attendant
5132,431112,Barista
5141,391111,Hairdresser
5142,399514,Make Up Artist
5142,451111,Beauty Therapist
5142,451512,Weight Loss Consultant
5142,451812,Hair or Beauty Salon Assistant
5142,621111,Sales Assistant (General)
5151,431411,Hotel Service Manager
5151,811211,Commercial Cleaner
5151,811411,Commercial Housekeeper
5152,141911,Bed and Breakfast Operator
5152,451899,Personal Service Workers nec
5152,811412,Domestic Housekeeper
5153,899111,Caretaker
5161,451899,Personal Service Workers nec
5162,423111,Aged or Disabled Carer
5163,451311,Funeral Director
5163,451399,Funeral Workers nec
5164,361111,Dog Handler or Trainer
5164,361112,Horse Trainer
5164,361113,Pet Groomer
5164,361114,Zookeeper
5164,361115,Kennel Hand
5164,361199,Animal Attendants and Trainers nec
5164,361311,Veterinary Nurse
5165,451211,Driving Instructor
5169,431999,Hospitality Workers nec
5169,451811,Civil Celebrant
5169,451813,Sex Worker or Escort
5169,451815,First Aid Trainer
5169,451899,Personal Service Workers nec
5211,621713,Street Vendor
5212,621713,Street Vendor
5221,142111,Retail Manager (General)
5221,142112,Antique Dealer
5221,142113,Betting Agency Manager
5221,142114,Hair or Beauty Salon Manager
5221,142115,Post Office Manager
5222,621511,Retail Supervisor
5223,621111,Sales Assistant (General)
5223,621211,ICT Sales Assistant
5223,621311,Motor Vehicle or Caravan Salesperson
5223,621312,Motor Vehicle Parts Interpreter / Automotive Parts Salesperson
5223,621411,Pharmacy Sales Assistant
5230,631111,Checkout Operator
5230,631112,Office Cashier
5230,639411,Ticket Seller
5241,639111,Model
5242,639112,Sales Demonstrator
5243,621712,Door-to-door Salesperson
5244,639311,Telemarketer
5245,621611,Service Station Attendant
5246,431211,Cafe Worker
5246,621111,Sales Assistant (General)
5249,621711,Cash Van Salesperson
5249,621912,Rental Salesperson
5249,621999,Sales Assistants and Salespersons nec
5249,639911,Other Sales Support Worker
5311,421111,Child Care Worker
5311,421112,Family Day Care Worker
5311,421113,Nanny
5311,421114,Out of School Hours Care Worker
5311,423411,Child or Youth Residential Care Assistant
5311,423412,Hostel Parent
5312,422111,Aboriginal and Torres Strait Islander Education Worker
5312,422112,Integration Aide
5312,422113,Kaiāwhina Kohanga Reo (Māori Language Nest Assistant)
5312,422114,Kaiāwhina Kura Kaupapa Māori (Māori-medium School Assistant)
5312,422115,Preschool Aide
5312,422116,Teachers' Aide
5321,423312,Nursing Support Worker
5321,423313,Personal Care Assistant
5322,423111,Aged or Disabled Carer
5329,311216,Pathology Collector / Phlebotomist
5329,423211,Dental Assistant
5329,423311,Hospital Orderly
5329,451899,Personal Service Workers nec
5329,711411,Photographic Developer and Printer
5329,711914,Sterilisation Technician
5411,441212,Fire Fighter
5412,441312,Police Officer
5413,442111,Prison Officer
5414,442211,"Alarm, Security or Surveillance Monitor"
5414,442212,Armoured Car Escort
5414,442213,Crowd Controller
5414,442215,Retail Loss Prevention Officer
5414,442217,Security Officer
5414,442299,Security Officers and Guards nec
5419,234314,Park Ranger
5419,441211,Emergency Service Worker
5419,442299,Security Officers and Guards nec
5419,452414,Lifeguard
5419,599599,Inspectors and Regulatory Officers nec
5419,899913,Crossing Supervisor
5419,899923,Road Traffic Controller
6111,121511,Cotton Grower
6111,121512,"Grain, Oilseed, Pulse or Pasture Grower / Field Crop Grower"
6111,121513,Sugar Cane Grower
6111,121599,Broadacre Crop Growers nec
6111,121616,Vegetable Grower (Aus) / Market Gardener (NZ)
6111,363116,Senior Broadacre Crop Farm Worker
6111,363114,Horticultural Supervisor or Specialist
6111,363199,"Senior Aquaculture, Crop and Forestry Workers nec"
6112,121599,Broadacre Crop Growers nec
6112,121612,Fruit Grower
6112,121613,Nut Grower
6112,121699,Horticultural Crop Growers nec
6112,363114,Horticultural Supervisor or Specialist
6112,363117,Vineyard Supervisor
6112,363199,"Senior Aquaculture, Crop and Forestry Workers nec"
6113,121611,Flower Grower
6113,121614,Production Nursery Grower
6113,121615,Turf Grower
6113,121616,Vegetable Grower (Aus) / Market Gardener (NZ)
6113,121699,Horticultural Crop Growers nec
6113,362312,Sports Turf Manager
6113,362313,Sports Turf Trades Worker
6113,362411,Nurseryperson
6113,362511,Arborist
6113,362512,Tree Worker
6113,362611,Gardener (General)
6113,362711,Landscape Gardener
6113,362712,Irrigation Technician
6113,363114,Horticultural Supervisor or Specialist
6114,121699,Horticultural Crop Growers nec
6114,121799,Mixed Production Farmers nec
6114,363114,Horticultural Supervisor or Specialist
6114,363199,"Senior Aquaculture, Crop and Forestry Workers nec"
6121,121312,Beef Cattle Farmer
6121,121313,Dairy Cattle Farmer
6121,121314,Deer Farmer
6121,121315,Goat Farmer
6121,121316,Horse Breeder
6121,121318,Pig Farmer
6121,121322,Sheep Farmer
6121,121323,Mixed Cattle and Sheep Farmer
6121,121399,Livestock Farmers nec
6121,361116,Track Rider
6121,363211,Senior Beef Cattle Station Worker
6121,363212,Senior Cattle and Sheep Farm Worker
6121,363213,Senior Dairy Cattle Farm Worker
6121,363214,Senior Piggery Stockperson
6121,363215,Senior Sheep Farm Worker
6121,363299,Senior Livestock Farm Workers nec
6121,363311,Shearer
6122,121321,Poultry Farmer
6122,363299,Senior Livestock Farm Workers nec
6123,121311,Apiarist
6123,121399,Livestock Farmers nec
6129,121399,Livestock Farmers nec
6129,363299,Senior Livestock Farm Workers nec
6130,121711,Broadacre Crop and Livestock Farmer
6130,121799,Mixed Production Farmers nec
6130,363115,Senior Broadacre Crop and Livestock Farm Worker
6210,363113,Forestry Operations Supervisor
6210,363199,"Senior Aquaculture, Crop and Forestry Workers nec"
6210,843111,Forestry Worker
6210,843112,Logging Assistant
6210,843113,Tree Faller
6210,899999,Labourers nec
6221,121111,Aquaculture Farmer
6221,363111,Aquaculture Supervisor
6222,231211,Master Fisher
6222,363112,Fishing Leading Hand
6222,899212,Fishing Hand
6223,231211,Master Fisher
6223,363112,Fishing Leading Hand
6223,899212,Fishing Hand
6224,843911,Hunter-Trapper
6310,xxxxxx,No Correspondence
6320,xxxxxx,No Correspondence
6330,xxxxxx,No Correspondence
6340,xxxxxx,No Correspondence
7111,133112,Project Builder
7111,331212,Carpenter
7111,821412,Home Improvement Installer
7112,331111,Bricklayer
7113,331112,Stonemason
7114,332111,Floor Finisher
7114,821211,Concreter
7115,331211,Carpenter and Joiner
7115,331212,Carpenter
7115,331213,Joiner
7115,399111,Boat Builder and Repairer
7115,399112,Shipwright
7115,821412,Home Improvement Installer
7119,821712,Scaffolder
7121,333311,Roof Tiler
7121,334115,Roof Plumber
7122,332111,Floor Finisher
7122,333411,Wall and Floor Tiler
7123,333211,Plasterer (Wall and Ceiling)
7123,333212,Renderer (Solid Plaster)
7124,821411,Building Insulation Installer
7124,821913,Lagger
7125,333111,Glazier
7125,899412,Autoglazier
7126,334112,Airconditioning and Mechanical Services Plumber
7126,334113,Drainer
7126,334114,Gasfitter
7126,334115,Roof Plumber
7126,334116,Plumber (General)
7126,334117,Fire Protection Plumber
7127,342111,Airconditioning and Refrigeration Mechanic
7131,332211,Painter
7132,324311,Vehicle Painter
7132,711211,Industrial Spraypainter
7133,711913,Sand Blaster
7133,811211,Commercial Cleaner
7133,811699,Cleaners nec
7211,322114,Metal Casting Trades Worker
7212,322311,Metal Fabricator
7212,322312,Pressure Welder
7212,322313,Welder (First Class) (Aus) / Welder (NZ)
7212,323213,Fitter-Welder
7212,712311,Engineering Production Worker
7213,322211,Sheetmetal Worker
7213,322311,Metal Fabricator
7213,323113,Aircraft Maintenance Engineer (Structures)
7213,324111,Panelbeater
7213,324211,Vehicle Body Builder
7213,399111,Boat Builder and Repairer
7213,712311,Engineering Production Worker
7214,322311,Metal Fabricator
7214,399112,Shipwright
7214,821714,Structural Steel Erector
7215,399111,Boat Builder and Repairer
7215,399112,Shipwright
7215,821711,Construction Rigger
7221,322111,Blacksmith
7221,322113,Farrier
7222,323312,Gunsmith
7222,323313,Locksmith
7222,323315,Saw Doctor
7222,323411,Engineering Patternmaker
7222,323412,Toolmaker
7223,323211,Fitter (General)
7223,323212,Fitter and Turner
7223,323214,Metal Machinist (First Class)
7223,712311,Engineering Production Worker
7224,322115,Metal Polisher
7224,323315,Saw Doctor
7224,712311,Engineering Production Worker
7231,321211,Motor Mechanic (General)
7231,321212,Diesel Motor Mechanic
7231,321213,Motorcycle Mechanic
7231,321214,Small Engine Mechanic
7231,899411,Motor Vehicle Parts and Accessories Fitter (General)
7231,899413,Exhaust and Muffler Repairer
7231,899414,Radiator Repairer
7231,899415,Tyre Fitter
7232,323112,Aircraft Maintenance Engineer (Mechanical)
7233,323211,Fitter (General)
7233,323215,"Textile, Clothing and Footwear Mechanic"
7233,323299,Metal Fitters and Machinists nec
7233,399999,Technicians and Trades Workers nec
7234,399999,Technicians and Trades Workers nec
7234,899911,Bicycle Mechanic
7311,323314,Precision Instrument Maker and Repairer
7311,323316,Watch and Clock Maker and Repairer
7312,399515,Musical Instrument Maker or Repairer
7313,399411,Jeweller
7314,211412,Potter or Ceramic Artist
7315,399914,Optical Mechanic
7315,399999,Technicians and Trades Workers nec
7316,323311,Engraver
7316,399611,Signwriter
7317,211499,Visual Arts and Crafts Professionals nec
7317,394299,Wood Machinists and Other Wood Trades Workers nec
7318,211499,Visual Arts and Crafts Professionals nec
7319,211499,Visual Arts and Crafts Professionals nec
7321,392211,Graphic Pre-press Trades Worker
7322,392112,Screen Printer
7322,392311,Printing Machinist
7322,392312,Small Offset Printer
7323,392111,Print Finisher
7323,899512,Printing Table Worker
7411,341111,Electrician (General)
7411,341112,Electrician (Special Class)
7412,321111,Automotive Electrician
7412,341111,Electrician (General)
7412,341113,Lift Mechanic
7413,342211,Electrical Linesworker / Electrical Line Mechanic
7413,342212,Technical Cable Jointer
7421,323111,Aircraft Maintenance Engineer (Avionics)
7421,342311,Business Machine Mechanic
7421,342313,Electronic Equipment Trades Worker
7421,342314,Electronic Instrument Trades Worker (General)
7421,342315,Electronic Instrument Trades Worker (Special Class)
7422,313111,Hardware Technician
7422,313199,ICT Support Technicians nec
7422,342411,Cabler (Data and Telecommunications)
7422,342412,Telecommunications Cable Jointer
7422,342413,Telecommunications Linesworker / Telecommunications Line Mechanic
7422,342414,Telecommunications Technician
7511,351211,Butcher or Smallgoods Maker
7511,831211,Meat Boner and Slicer
7511,831212,Slaughterer
7511,831311,Meat Process Worker
7511,831312,Poultry Process Worker
7511,831313,Seafood Process Worker
7512,351111,Baker
7512,351112,Pastrycook
7512,831113,Confectionery Maker
7513,831114,Dairy Products Maker
7514,831199,Food and Drink Factory Workers nec
7515,831199,Food and Drink Factory Workers nec
7515,839312,Product Grader
7515,839313,Product Tester
7516,831199,Food and Drink Factory Workers nec
7521,712999,Stationary Plant Operators nec
7522,394112,Cabinet Maker
7522,394113,Furniture Maker
7522,394211,Furniture Finisher
7522,394212,Picture Framer
7523,394213,Wood Machinist
7523,394214,Wood Turner
7531,393213,Dressmaker or Tailor
7531,393299,Clothing Trades Workers nec
7532,393211,Apparel Cutter
7532,393212,Clothing Patternmaker
7533,393111,Canvas Goods Fabricator
7533,393112,Leather Goods Maker
7533,393113,Sail Maker
7534,324212,Vehicle Trimmer
7534,393311,Upholsterer
7535,399999,Technicians and Trades Workers nec
7535,711712,Hide and Skin Processing Machine Operator
7535,839917,Hide and Skin Processing Worker
7536,393112,Leather Goods Maker
7536,393114,Shoemaker
7541,399911,Diver
7542,712213,Shot Firer
7543,363312,Wool Classer
7543,399999,Technicians and Trades Workers nec
7543,839311,Product Examiner
7543,839312,Product Grader
7543,839313,Product Tester
7544,843411,Pest Control Technician
7544,843912,Irrigation Assistant
7544,843999,Forestry and Garden Workers nec
7549,362111,Florist
7549,399914,Optical Mechanic
7549,399999,Technicians and Trades Workers nec
8111,712211,Driller
8111,712212,Miner
8112,712999,Stationary Plant Operators nec
8113,712211,Driller
8114,711112,Concrete Products Machine Operator
8114,711114,Stone Processing Machine Operator
8114,711199,"Clay, Concrete, Glass and Stone Processing Machine Operators nec"
8114,712913,Cement Production Plant Operator
8114,712914,Concrete Batching Plant Operator
8114,712915,Concrete Pump Operator
8121,712311,Engineering Production Worker
8122,322112,Electroplater
8122,711913,Sand Blaster
8122,712311,Engineering Production Worker
8131,711911,Chemical Production Machine Operator
8131,712999,Stationary Plant Operators nec
8132,399915,Photographer's Assistant
8132,711411,Photographic Developer and Printer
8132,711999,Machine Operators nec
8141,711516,Rubber Production Machine Operator
8142,399111,Boat Builder and Repairer
8142,711511,Plastic Cablemaking Machine Operator
8142,711512,Plastic Compounding and Reclamation Machine Operator
8142,711513,Plastics Fabricator or Welder
8142,711514,Plastics Production Machine Operator (General)
8142,711515,Reinforced Plastic and Composite Production Worker
8142,711599,Plastics and Rubber Production Machine Operators nec
8143,711311,Paper Products Machine Operator
8151,711716,Yarn Carding and Spinning Machine Operator
8151,711799,Textile and Footwear Production Machine Operators nec
8152,711713,Knitting Machine Operator
8152,711715,Weaving Machine Operator
8152,711799,Textile and Footwear Production Machine Operators nec
8153,711611,Sewing Machinist
8154,711714,Textile Dyeing and Finishing Machine Operator
8155,711712,Hide and Skin Processing Machine Operator
8156,711711,Footwear Production Machine Operator
8157,811511,Laundry Worker (General)
8157,811512,Drycleaner
8157,811513,Ironer or Presser
8159,711799,Textile and Footwear Production Machine Operators nec
8160,712999,Stationary Plant Operators nec
8160,831111,Baking Factory Worker
8160,831112,Brewery Worker
8160,831113,Confectionery Maker
8160,831114,Dairy Products Maker
8160,831115,Fruit and Vegetable Factory Worker
8160,831116,Grain Mill Worker
8160,831117,Sugar Mill Worker
8160,831118,Winery Cellar Hand
8160,831199,Food and Drink Factory Workers nec
8160,831311,Meat Process Worker
8160,831312,Poultry Process Worker
8160,831313,Seafood Process Worker
8171,712916,Paper and Pulp Mill Operator
8172,711313,Sawmilling Operator
8172,711314,Other Wood Processing Machine Operator
8172,712999,Stationary Plant Operators nec
8181,711111,Clay Products Machine Operator
8181,711113,Glass Production Machine Operator
8182,712911,Boiler or Engine Operator
8183,832111,Chocolate Packer
8183,832112,Container Filler
8183,832113,Fruit and Vegetable Packer
8183,832114,Meat Packer
8183,832115,Seafood Packer
8183,832199,Packers nec
8189,711999,Machine Operators nec
8189,712999,Stationary Plant Operators nec
8189,721912,Linemarker
8211,832211,Product Assembler
8212,832211,Product Assembler
8219,832211,Product Assembler
8311,731311,Train Driver
8312,712917,Railway Signal Operator
8312,712918,Train Controller
8321,561211,Courier
8322,411111,Ambulance Officer
8322,561211,Courier
8322,731111,Chauffeur
8322,731112,Taxi Driver
8322,731199,Automobile Drivers nec
8322,732111,Delivery Driver
8331,731211,Bus Driver
8331,731212,Charter and Tour Bus Driver
8331,731213,Passenger Coach Driver
8331,731312,Tram Driver
8332,733111,Truck Driver (General)
8332,733112,Aircraft Refueller
8332,733113,Furniture Removalist
8332,733114,Tanker Driver
8332,733115,Tow Truck Driver
8341,721111,Agricultural and Horticultural Mobile Plant Operator
8341,721112,Logging Plant Operator
8342,721211,Earthmoving Plant Operator (General)
8342,721212,Backhoe Operator
8342,721213,Bulldozer Operator
8342,721214,Excavator Operator
8342,721215,Grader Operator
8342,721216,Loader Operator
8342,721913,Paving Plant Operator
8342,721914,Railway Track Plant Operator
8342,721915,Road Roller Operator
8342,721916,Streetsweeper Operator
8342,721999,Mobile Plant Operators nec
8343,712111,"Crane, Hoist or Lift Operator"
8343,712999,Stationary Plant Operators nec
8343,721999,Mobile Plant Operators nec
8344,721311,Forklift Driver
8350,899211,Deck Hand
9111,811311,Domestic Cleaner
9112,431911,Bar Useful or Busser
9112,811211,Commercial Cleaner
9112,811411,Commercial Housekeeper
9121,811511,Laundry Worker (General)
9121,811512,Drycleaner
9121,811513,Ironer or Presser
9122,811111,Car Detailer
9123,811612,Window Cleaner
9129,811611,Carpet Cleaner
9129,811699,Cleaners nec
9211,842211,Cotton Farm Worker
9211,842212,Fruit Farm Worker
9211,842213,Fruit Picker
9211,842214,"Grain, Oilseed, Pulse and Pasture Farm Worker (Aus) / Field Farm Worker (NZ)"
9211,842215,Mushroom Picker
9211,842216,Nut Farm Worker
9211,842217,Sugar Cane Farm Worker
9211,842218,Vegetable Farm Worker (Aus) / Market Garden Worker (NZ)
9211,842221,Vegetable Picker
9211,842222,Vineyard Worker
9211,842299,Crop Farm Workers nec
9212,842311,Beef Cattle Farm Worker
9212,842312,Cattle and Sheep Farm Worker
9212,842313,Dairy Cattle Farm Worker
9212,842314,Livestock Husbandry Worker
9212,842315,Piggery Farm Worker
9212,842316,Poultry Farm Worker
9212,842317,Sheep Farm Worker
9212,842318,Stablehand
9212,842321,Wool Handler
9212,842399,Livestock Farm Workers nec
9213,842411,Broadacre Crop and Livestock Farm Worker
9213,842499,Mixed Production Farm Workers nec
9214,843211,Garden Labourer
9214,843311,Horticultural Nursery Assistant
9215,843111,Forestry Worker
9215,843112,Logging Assistant
9215,843113,Tree Faller
9216,842111,Aquaculture Worker
9311,821912,Driller's Assistant
9311,821914,Mining Support Worker
9312,821112,"Drainage, Sewerage and Stormwater Labourer"
9312,821113,Earthmoving Labourer
9312,821511,Paving and Surfacing Labourer
9312,821611,Railway Track Worker
9312,821915,Surveyor's Assistant
9313,821111,Builder's Labourer
9313,821114,Plumber's Assistant
9313,821211,Concreter
9313,821311,Fencer
9313,821412,Home Improvement Installer
9313,821713,Steel Fixer
9313,821911,Crane Chaser
9313,899914,Electrical or Telecommunications Trades Assistant
9321,832111,Chocolate Packer
9321,832112,Container Filler
9321,832113,Fruit and Vegetable Packer
9321,832114,Meat Packer
9321,832115,Seafood Packer
9321,832199,Packers nec
9329,741111,Storeperson
9329,839111,Metal Engineering Process Worker
9329,839211,Plastics Factory Worker
9329,839212,Rubber Factory Worker
9329,839411,Paper and Pulp Mill Worker
9329,839412,Sawmill or Timber Yard Worker
9329,839413,Wood and Wood Products Factory Worker
9329,839911,Cement and Concrete Plant Worker
9329,839912,Chemical Plant Worker
9329,839913,Clay Processing Factory Worker
9329,839914,Fabric and Textile Factory Worker
9329,839915,Footwear Factory Worker
9329,839916,Glass Processing Worker
9329,839999,Factory Process Workers nec
9329,899511,Printer's Assistant
9329,899512,Printing Table Worker
9331,561211,Courier
9332,899999,Labourers nec
9333,712912,Bulk Materials Handling Plant Operator
9333,721911,Aircraft Baggage Handler and Airline Ground Crew
9333,741111,Storeperson
9333,891111,Freight Handler (Rail or Road)
9333,891112,Truck Driver's Offsider
9333,891113,Waterside Worker
9334,891211,Shelf Filler
9411,851111,Fast Food Cook
9412,851211,Pastrycook's Assistant
9412,851299,Food Trades Assistants nec
9412,851311,Kitchenhand
9510,899999,Labourers nec
9520,621711,Cash Van Salesperson
9520,621713,Street Vendor
9611,899611,Recycling or Rubbish Collector
9612,621911,Materials Recycler
9612,839918,Recycling Worker
9613,811699,Cleaners nec
9621,431912,Doorperson or Luggage Porter
9621,561211,Courier
9621,899915,Leaflet or Newspaper Deliverer
9622,899311,Handyperson
9623,561912,Meter Reader
9623,899711,Vending Machine Attendant
9624,843999,Forestry and Garden Workers nec
9629,431999,Hospitality Workers nec
9629,899912,Car Park Attendant
9629,899916,Mechanic's Assistant
9629,899917,Railways Assistant
9629,899918,Sign Erector
9629,899921,Ticket Collector or Usher
9629,899922,Trolley Collector
9629,899999,Labourers nec
