anzsco_code,anzsco_title,aioe_mean,aioe_sum,n_paths
242211,Vocational Education Teacher / Polytechnic Teacher,0.5064313245614035,19.24439033333333,38
242111,University Lecturer,0.5081422095238095,17.784977333333334,35
242112,University Tutor,0.5081422095238095,17.784977333333334,35
552314,Statistical Clerk,0.5470075953703704,4.9230683583333334,9
272499,Social Professionals nec,0.5520012125,4.4160097,8
132311,Human Resource Manager,1.3876013333333332,4.1628039999999995,3
233914,Engineering Technologist,0.17603540752192984,3.344672742916667,19
222299,Financial Dealers nec,0.6481002511111111,3.2405012555555555,5
552312,Insurance Consultant,0.38054361574074075,3.044348925925926,8
552211,Credit or Loans Officer (Aus) / Finance Clerk (NZ),1.4163895,2.832779,2
599311,Debt Collector,1.3374335,2.674867,2
561611,Switchboard Operator,1.3280539999999998,2.6561079999999997,2
131112,Sales and Marketing Manager,1.2487975,2.497595,2
234914,Physicist,1.0656889999999999,2.1313779999999998,2
552313,Money Market Clerk,0.42028526666666666,2.1014263333333334,5
599999,Clerical and Administrative Workers nec,0.25602812666666663,2.048225013333333,8
139999,Specialist Managers nec,0.28902287868480725,2.0231601507936507,7
223112,Recruitment Consultant,0.15093466295648794,1.9621506184343434,13
639311,Telemarketer,1.925633,1.925633,1
272414,Archaeologist,0.6415777333333333,1.9247332,3
521211,Secretary (General),0.6413379777777778,1.9240139333333333,3
132511,Research and Development Manager,0.944377,1.888754,2
599213,Court Orderly (Aus) / Court Registry Officer (NZ),0.23270436249999998,1.8616348999999999,8
272411,Historian,0.6199398333333334,1.8598195,3
253111,General Practitioner,0.44648969375,1.785958775,4
253112,Resident Medical Officer,0.44648969375,1.785958775,4
542113,Hotel or Motel Receptionist,0.8906881499999999,1.7813762999999998,2
271211,Judge,0.79835275,1.5967055,2
271212,Magistrate,0.79835275,1.5967055,2
249299,Private Tutors and Teachers nec,0.31664970000000003,1.5832485,5
212113,Radio Presenter,0.5210787,1.5632361000000001,3
212114,Television Presenter,0.5210787,1.5632361000000001,3
599411,Human Resource Clerk,1.480714,1.480714,1
132111,Corporate Services Manager,0.2114364785147392,1.4800553496031745,7
561511,Survey Interviewer,1.44861,1.44861,1
541112,Call or Contact Centre Operator,0.7101026666666667,1.4202053333333333,2
542114,Medical Receptionist,0.4730487222222222,1.4191461666666667,3
272211,Minister of Religion,0.70628475,1.4125695,2
512211,Health Practice Manager,0.4594965666666666,1.3784896999999998,3
149913,Facilities Manager,0.19000774256854255,1.330054197979798,7
149212,Customer Service Manager,0.19000774256854255,1.330054197979798,7
223311,Training and Development Professional,0.6614555,1.322911,2
234913,Meteorologist,1.259493,1.259493,1
599516,Taxation Inspector,1.253237,1.253237,1
531111,General Clerk,0.6251922249999999,1.2503844499999999,2
224115,Data Scientist,0.24484940000000002,1.224247,5
224114,Data Analyst,0.24484940000000002,1.224247,5
224112,Mathematician,0.24484940000000002,1.224247,5
224111,Actuary,0.24484940000000002,1.224247,5
224116,Statistician,0.24484940000000002,1.224247,5
551311,Payroll Clerk,1.155485,1.155485,1
134299,Health and Welfare Services Managers nec,0.2803175625,1.12127025,4
224912,Liaison Officer,0.12453609510381594,1.1208248559343434,9
611312,Sales Representative (Business Services),0.09935809505968778,1.0929390456565655,11
111211,Corporate General Manager,0.13606132648809524,1.088490611904762,8
111111,Chief Executive or Managing Director,0.13606132648809524,1.088490611904762,8
232611,Urban and Regional Planner,1.07547,1.07547,1
233915,Environmental Engineer,1.043951,1.043951,1
639911,Other Sales Support Worker,0.26089381875,1.043575275,4
223111,Human Resource Adviser,0.26063609375,1.042544375,4
223113,Workplace Relations Adviser,0.26063609375,1.042544375,4
272111,Careers Counsellor,0.26063609375,1.042544375,4
212499,Journalists and Other Writers nec,0.20748882000000002,1.0374441,5
249311,Teacher of English to Speakers of Other Languages,0.3454875277777778,1.0364625833333334,3
224999,Information and Organisation Professionals nec,0.10315786892676768,1.0315786892676768,10
272113,Family and Marriage Counsellor,0.12846322916666666,1.0277058333333333,8
272112,Drug and Alcohol Counsellor,0.12846322916666666,1.0277058333333333,8
272613,Welfare Worker,0.12846322916666666,1.0277058333333333,8
411714,Parole or Probation Officer,0.12846322916666666,1.0277058333333333,8
272199,Counsellors nec,0.12846322916666666,1.0277058333333333,8
272511,Social Worker,0.12846322916666666,1.0277058333333333,8
272611,Community Arts Worker,0.12846322916666666,1.0277058333333333,8
272612,Recreation Officer / Recreation Coordinator,0.12846322916666666,1.0277058333333333,8
272114,Rehabilitation Counsellor,0.12846322916666666,1.0277058333333333,8
261312,Developer Programmer,1.024722,1.024722,1
252711,Audiologist,0.5097208,1.0194416,2
252712,Speech Pathologist / Speech Language Therapist,0.5097208,1.0194416,2
222312,Financial Investment Manager,0.508038625,1.01607725,2
222311,Financial Investment Adviser,0.508038625,1.01607725,2
233912,Agricultural Engineer,0.11203998625000001,1.0083598762500001,9
639211,Retail Buyer,0.33596593333333336,1.0078978,3
639212,Wool Buyer,0.33596593333333336,1.0078978,3
241311,Middle School Teacher / Intermediate School Teacher,0.33591872222222224,1.0077561666666668,3
261112,Systems Analyst,0.5035127500000001,1.0070255000000001,2
261111,ICT Business Analyst,0.5035127500000001,1.0070255000000001,2
262111,Database Administrator,0.9959827,0.9959827,1
313112,ICT Customer Support Officer,0.49140300000000003,0.9828060000000001,2
134111,Child Care Centre Manager,0.9671877,0.9671877,1
512299,Practice Managers nec,0.47640649999999996,0.9528129999999999,2
222113,Insurance Broker,0.31430753086419755,0.9429225925925926,3
611211,Insurance Agent,0.31430753086419755,0.9429225925925926,3
541211,Information Officer,0.46820091666666663,0.9364018333333333,2
241511,Special Needs Teacher,0.18450265500000002,0.922513275,5
241512,Teacher of the Hearing Impaired,0.18450265500000002,0.922513275,5
241513,Teacher of the Sight Impaired,0.18450265500000002,0.922513275,5
241599,Special Education Teachers nec,0.18450265500000002,0.922513275,5
234999,Natural and Physical Science Professionals nec,0.09001959288888889,0.9001959288888889,10
599515,Social Security Assessor,0.4494667,0.8989334,2
272311,Clinical Psychologist,0.29219706666666667,0.8765912,3
272312,Educational Psychologist,0.29219706666666667,0.8765912,3
272313,Organisational Psychologist,0.29219706666666667,0.8765912,3
272314,Psychotherapist,0.29219706666666667,0.8765912,3
272399,Psychologists nec,0.29219706666666667,0.8765912,3
134311,School Principal,0.28102188333333333,0.84306565,3
134411,Faculty Head,0.28102188333333333,0.84306565,3
134499,Education Managers nec,0.28102188333333333,0.84306565,3
134412,Regional Education Manager,0.28102188333333333,0.84306565,3
131114,Public Relations Manager,0.4195516666666667,0.8391033333333334,2
131113,Advertising Manager,0.4195516666666667,0.8391033333333334,2
232112,Landscape Architect,0.8363757,0.8363757,1
212411,Copywriter,0.2764776944444444,0.8294330833333333,3
234115,Agronomist,0.05913679216269841,0.8279150902777778,14
251311,Environmental Health Officer,0.13078850727124183,0.7847310436274509,6
251312,Occupational Health and Safety Adviser,0.39157395,0.7831479,2
224214,Records Manager,0.18845529583333331,0.7538211833333333,4
233511,Industrial Engineer,0.12407957048611111,0.7444774229166666,6
149914,Financial Institution Branch Manager,0.3720388,0.7440776,2
221214,Internal Auditor,0.24384780000000003,0.7315434000000001,3
221213,External Auditor,0.24384780000000003,0.7315434000000001,3
221113,Taxation Accountant,0.24384780000000003,0.7315434000000001,3
221112,Management Accountant,0.24384780000000003,0.7315434000000001,3
221111,Accountant (General),0.24384780000000003,0.7315434000000001,3
621713,Street Vendor,0.180536175,0.7221447,4
234211,Chemist,0.359776275,0.71955255,2
551211,Bookkeeper,0.23981612500000002,0.719448375,3
599913,Proof Reader,0.7180965,0.7180965,1
234116,Aquaculture or Fisheries Scientist,0.05946085104166667,0.7135302125,12
222199,Financial Brokers nec,0.077692344332211,0.699231098989899,9
251112,Nutritionist,0.681946,0.681946,1
251111,Dietitian,0.681946,0.681946,1
612115,Real Estate Representative,0.17018627888888888,0.6807451155555555,4
612111,Business Broker,0.17018627888888888,0.6807451155555555,4
612114,Real Estate Agent,0.17018627888888888,0.6807451155555555,4
612113,Real Estate Agency Principal / Real Estate Agency Licensee,0.17018627888888888,0.6807451155555555,4
612112,Property Manager,0.17018627888888888,0.6807451155555555,4
451411,Gallery or Museum Guide,0.2251802633333333,0.6755407899999999,3
451412,Tour Guide,0.2251802633333333,0.6755407899999999,3
532112,Machine Shorthand Reporter,0.3348829666666666,0.6697659333333332,2
521111,Personal Assistant,0.3348829666666666,0.6697659333333332,2
224311,Economist,0.665061,0.665061,1
224511,Land Economist,0.665061,0.665061,1
249111,Education Adviser,0.66191,0.66191,1
249112,Education Reviewer,0.66191,0.66191,1
231112,Air Traffic Controller,0.3258195411764706,0.6516390823529412,2
313113,Web Administrator,0.31593525,0.6318705,2
272413,Translator,0.31572849999999997,0.6314569999999999,2
272412,Interpreter,0.31572849999999997,0.6314569999999999,2
241411,Secondary School Teacher,0.624264,0.624264,1
212211,Author,0.2080776666666667,0.624233,3
212415,Technical Writer,0.2080776666666667,0.624233,3
212212,Book or Script Editor,0.2080776666666667,0.624233,3
134214,Welfare Centre Manager,0.612622,0.612622,1
599112,Legal Executive,0.101875075,0.61125045,6
599215,Trust Officer,0.101875075,0.61125045,6
599211,Clerk of Court,0.101875075,0.61125045,6
442214,Private Investigator,0.101875075,0.61125045,6
599214,Law Clerk,0.101875075,0.61125045,6
599111,Conveyancer,0.101875075,0.61125045,6
599212,Court Bailiff or Sheriff (Aus) / Court Collections Officer (NZ),0.101875075,0.61125045,6
233411,Electronics Engineer,0.3013303875,0.602660775,2
224512,Valuer,0.1930180916666667,0.5790542750000001,3
599613,Insurance Risk Surveyor,0.1930180916666667,0.5790542750000001,3
599612,Insurance Loss Adjuster,0.1930180916666667,0.5790542750000001,3
599611,Insurance Investigator,0.1930180916666667,0.5790542750000001,3
521212,Legal Secretary,0.574719,0.574719,1
233612,Petroleum Engineer,0.142384985,0.56953994,4
234912,Metallurgist,0.142384985,0.56953994,4
233611,Mining Engineer (excluding Petroleum),0.142384985,0.56953994,4
139917,Regulatory Affairs Manager,0.18970455079365078,0.5691136523809524,3
139916,Quality Assurance Manager,0.18970455079365078,0.5691136523809524,3
233512,Mechanical Engineer,0.14139208,0.56556832,4
233916,Naval Architect / Marine Designer,0.14139208,0.56556832,4
233911,Aeronautical Engineer,0.14139208,0.56556832,4
234516,Marine Biologist,0.0627559986111111,0.5648039874999999,9
234515,Botanist,0.0627559986111111,0.5648039874999999,9
234514,Biotechnologist,0.0627559986111111,0.5648039874999999,9
234513,Biochemist,0.0627559986111111,0.5648039874999999,9
234511,Life Scientist (General),0.0627559986111111,0.5648039874999999,9
234517,Microbiologist,0.0627559986111111,0.5648039874999999,9
234521,Entomologist,0.0627559986111111,0.5648039874999999,9
234522,Zoologist,0.0627559986111111,0.5648039874999999,9
234599,Life Scientists nec,0.0627559986111111,0.5648039874999999,9
271213,Tribunal Member,0.5490803333333333,0.5490803333333333,1
224913,Migration Agent / Immigration Consultant,0.5490803333333333,0.5490803333333333,1
271299,Judicial and Other Legal Professionals nec,0.5490803333333333,0.5490803333333333,1
611313,Sales Representative (Motor Vehicle Parts and Accessories),0.13691692555555557,0.5476677022222223,4
611311,Sales Representative (Building and Plumbing Supplies),0.13691692555555557,0.5476677022222223,4
611314,Sales Representative (Personal and Household Goods),0.13691692555555557,0.5476677022222223,4
611399,Sales Representatives nec,0.13691692555555557,0.5476677022222223,4
272115,Student Counsellor,0.2733929583333333,0.5467859166666666,2
511111,Contract Administrator,0.0778959062049062,0.5452713434343435,7
511112,Program or Project Administrator,0.0778959062049062,0.5452713434343435,7
611112,Stock and Station Agent,0.0778959062049062,0.5452713434343435,7
442216,Security Consultant,0.0778959062049062,0.5452713434343435,7
599916,Facilities Administrator,0.0778959062049062,0.5452713434343435,7
611111,Auctioneer,0.0778959062049062,0.5452713434343435,7
224712,Organisation and Methods Analyst,0.262891,0.525782,2
224713,Management Consultant,0.262891,0.525782,2
224714,Supply Chain Analyst,0.262891,0.525782,2
149311,Conference and Event Organiser,0.26244276168831165,0.5248855233766233,2
551111,Accounts Clerk,0.257460175,0.51492035,2
551112,Cost Clerk,0.257460175,0.51492035,2
261316,Devops Engineer,0.255921575,0.51184315,2
261313,Software Engineer,0.255921575,0.51184315,2
261311,Analyst Programmer,0.255921575,0.51184315,2
261315,Cyber Security Engineer,0.255921575,0.51184315,2
599513,Motor Vehicle Licence Examiner,0.2544678166666667,0.5089356333333334,2
422113,Kaiāwhina Kohanga Reo (Māori Language Nest Assistant),0.16936240555555557,0.5080872166666667,3
422114,Kaiāwhina Kura Kaupapa Māori (Māori-medium School Assistant),0.16936240555555557,0.5080872166666667,3
532113,Word Processing Operator,0.5072381,0.5072381,1
225311,Public Relations Professional,0.505879,0.505879,1
225211,ICT Account Manager,0.16482694567901235,0.49448083703703705,3
225212,ICT Business Development Manager,0.16482694567901235,0.49448083703703705,3
225213,ICT Sales Representative,0.16482694567901235,0.49448083703703705,3
241112,Kaiako Kohanga Reo (Māori Language Nest Teacher),0.243839325,0.48767865,2
241111,Early Childhood (Pre-primary School) Teacher,0.243839325,0.48767865,2
271111,Barrister,0.4846813333333333,0.4846813333333333,1
271214,Intellectual Property Lawyer,0.4846813333333333,0.4846813333333333,1
271311,Solicitor,0.4846813333333333,0.4846813333333333,1
149999,"Hospitality, Retail and Service Managers nec",0.11937670399230399,0.47750681596921596,4
222212,Futures Trader,0.1552296975308642,0.4656890925925926,3
222111,Commodities Trader,0.1552296975308642,0.4656890925925926,3
561999,Clerical and Office Support Workers nec,0.22553374999999998,0.45106749999999995,2
561911,Classified Advertising Clerk,0.22553374999999998,0.45106749999999995,2
233311,Electrical Engineer,0.450562,0.450562,1
233999,Engineering Professionals nec,0.08855831125,0.44279155625,5
233913,Biomedical Engineer,0.08855831125,0.44279155625,5
233112,Materials Engineer,0.08855831125,0.44279155625,5
233213,Quantity Surveyor,0.08855831125,0.44279155625,5
312611,Safety Inspector,0.03939493483734403,0.43334428321078433,11
224611,Librarian,0.14369223915343912,0.4310767174603174,3
212413,Print Journalist,0.20660554999999997,0.41321109999999994,2
212412,Newspaper or Periodical Editor,0.20660554999999997,0.41321109999999994,2
212416,Television Journalist,0.20660554999999997,0.41321109999999994,2
212414,Radio Journalist,0.20660554999999997,0.41321109999999994,2
234611,Medical Laboratory Scientist,0.036566844318181815,0.4022352875,11
451612,Travel Consultant,0.13354231975308642,0.4006269592592593,3
451611,Tourist Information Officer,0.13354231975308642,0.4006269592592593,3
241211,Kaiako Kura Kaupapa Māori (Māori-medium Primary School Teacher),0.19174608333333332,0.38349216666666663,2
241213,Primary School Teacher,0.19174608333333332,0.38349216666666663,2
241212,Pouako Kura Kaupapa Māori (Māori-medium Primary School Senior Teacher),0.19174608333333332,0.38349216666666663,2
541111,Call or Contact Centre Team Leader,0.378094,0.378094,1
512111,Office Manager,0.378094,0.378094,1
621712,Door-to-door Salesperson,0.3778645,0.3778645,1
141912,Retirement Village Manager,0.188574525,0.37714905,2
599518,Transport Operations Inspector,0.376015,0.376015,1
234411,Geologist,0.1870282,0.3740564,2
234412,Geophysicist,0.1870282,0.3740564,2
234413,Hydrogeologist,0.1870282,0.3740564,2
599711,Library Assistant,0.1829937,0.3659874,2
232312,Industrial Designer,0.17793668333333335,0.3558733666666667,2
232311,Fashion Designer,0.17793668333333335,0.3558733666666667,2
232313,Jewellery Designer,0.17793668333333335,0.3558733666666667,2
542112,Admissions Clerk,0.35416325,0.35416325,1
599914,Radio Despatcher,0.35416325,0.35416325,1
234399,Environmental Scientists nec,0.067533789,0.337668945,5
224212,Gallery or Museum Curator,0.168594175,0.33718835,2
224211,Archivist,0.168594175,0.33718835,2
234911,Conservator,0.168594175,0.33718835,2
639112,Sales Demonstrator,0.334189,0.334189,1
312911,Maintenance Planner,0.33071105,0.33071105,1
591112,Production Clerk,0.33071105,0.33071105,1
234612,Respiratory Scientist,0.055109331481481484,0.3306559888888889,6
252112,Osteopath,0.055109331481481484,0.3306559888888889,6
252611,Podiatrist,0.055109331481481484,0.3306559888888889,6
252411,Occupational Therapist,0.055109331481481484,0.3306559888888889,6
252111,Chiropractor,0.055109331481481484,0.3306559888888889,6
251999,Health Diagnostic and Promotion Professionals nec,0.055109331481481484,0.3306559888888889,6
234915,Exercise Physiologist,0.055109331481481484,0.3306559888888889,6
639411,Ticket Seller,0.06603654518518519,0.33018272592592596,5
225114,Content Creator (Marketing),0.16177704166666668,0.32355408333333335,2
225115,Digital Marketing Analyst,0.16177704166666668,0.32355408333333335,2
225112,Market Research Analyst,0.16177704166666668,0.32355408333333335,2
225113,Marketing Specialist,0.16177704166666668,0.32355408333333335,2
225111,Advertising Specialist,0.16177704166666668,0.32355408333333335,2
561199,Betting Clerks nec,0.06445121666666667,0.32225608333333333,5
561113,Telephone Betting Clerk,0.06445121666666667,0.32225608333333333,5
561112,Bookmaker's Clerk,0.06445121666666667,0.32225608333333333,5
561111,Betting Agency Counter Clerk,0.06445121666666667,0.32225608333333333,5
552311,Bookmaker,0.06445121666666667,0.32225608333333333,5
431311,Gaming Worker,0.06445121666666667,0.32225608333333333,5
135111,Chief Information Officer,0.3150233,0.3150233,1
135199,ICT Managers nec,0.3150233,0.3150233,1
135112,ICT Project Manager,0.3150233,0.3150233,1
262114,Cyber Governance Risk and Compliance Specialist,0.15665020000000002,0.31330040000000003,2
262115,Cyber Security Advice and Assessment Specialist,0.15665020000000002,0.31330040000000003,2
262116,Cyber Security Analyst,0.15665020000000002,0.31330040000000003,2
262117,Cyber Security Architect,0.15665020000000002,0.31330040000000003,2
262118,Cyber Security Operations Coordinator,0.15665020000000002,0.31330040000000003,2
254111,Midwife,0.3052241,0.3052241,1
232111,Architect,0.30517945,0.30517945,1
233513,Production or Plant Engineer,0.3016858666666667,0.3016858666666667,1
599599,Inspectors and Regulatory Officers nec,0.021349618384576052,0.29889465738406473,14
211111,Actor,0.2892009,0.2892009,1
232511,Interior Designer,0.07019677916666668,0.2807871166666667,4
133112,Project Builder,0.13254064583333333,0.26508129166666666,2
591212,Import-Export Clerk,0.1292554,0.2585108,2
252511,Physiotherapist,0.1239025,0.247805,2
263111,Computer Network and Systems Engineer,0.24770925,0.24770925,1
263113,Network Analyst,0.24770925,0.24770925,1
141999,Accommodation and Hospitality Managers nec,0.12190513668831168,0.24381027337662337,2
211199,"Actors, Dancers and Other Entertainers nec",0.11994504166666665,0.2398900833333333,2
232411,Graphic Designer,0.11989663749999999,0.23979327499999997,2
232414,Web Designer,0.11989663749999999,0.23979327499999997,2
232413,Multimedia Designer,0.11989663749999999,0.23979327499999997,2
591211,Despatching and Receiving Clerk,0.05888728392857143,0.2355491357142857,4
141311,Hotel or Motel Manager,0.23199255,0.23199255,1
233111,Chemical Engineer,0.226504825,0.226504825,1
234212,Food Technologist,0.226504825,0.226504825,1
234213,Wine Maker,0.226504825,0.226504825,1
621711,Cash Van Salesperson,0.11230486249999999,0.22460972499999998,2
212111,Artistic Director,0.07479188666666665,0.22437565999999998,3
212311,"Art Director (Film, Television or Stage)",0.07479188666666665,0.22437565999999998,3
212312,"Director (Film, Television, Radio or Stage)",0.07479188666666665,0.22437565999999998,3
212313,Director of Photography,0.07479188666666665,0.22437565999999998,3
212399,"Film, Television, Radio and Stage Directors nec",0.07479188666666665,0.22437565999999998,3
212314,Film and Video Editor,0.07479188666666665,0.22437565999999998,3
212315,Program Director (Television or Radio),0.07479188666666665,0.22437565999999998,3
212317,Technical Director,0.07479188666666665,0.22437565999999998,3
212112,Media Producer (excluding Video),0.07479188666666665,0.22437565999999998,3
212318,Video Producer,0.07479188666666665,0.22437565999999998,3
211299,Music Professionals nec,0.11018160833333333,0.22036321666666667,2
211213,Musician (Instrumental),0.11018160833333333,0.22036321666666667,2
211212,Music Director,0.11018160833333333,0.22036321666666667,2
211113,Entertainer or Variety Artist,0.11018160833333333,0.22036321666666667,2
211211,Composer,0.11018160833333333,0.22036321666666667,2
211214,Singer,0.11018160833333333,0.22036321666666667,2
149112,Fitness Centre Manager,0.10615676964285714,0.21231353928571428,2
149912,Cinema or Theatre Manager,0.10615676964285714,0.21231353928571428,2
149111,Amusement Centre Manager,0.10615676964285714,0.21231353928571428,2
149113,Sports Centre Manager,0.10615676964285714,0.21231353928571428,2
249211,Art Teacher (Private Tuition),0.10547386111111111,0.21094772222222222,2
249212,Dance Teacher (Private Tuition),0.10547386111111111,0.21094772222222222,2
249213,Drama Teacher (Private Tuition),0.10547386111111111,0.21094772222222222,2
451815,First Aid Trainer,0.052627414,0.210509656,4
451813,Sex Worker or Escort,0.052627414,0.210509656,4
451811,Civil Celebrant,0.052627414,0.210509656,4
621511,Retail Supervisor,0.2011382,0.2011382,1
261211,Multimedia Specialist,0.1971968,0.1971968,1
261212,Web Developer,0.1971968,0.1971968,1
252299,Complementary Health Therapists nec,0.011368134640522876,0.1932582888888889,17
251511,Hospital Pharmacist,0.19019863333333334,0.19019863333333334,1
251512,Industrial Pharmacist,0.19019863333333334,0.19019863333333334,1
251513,Retail Pharmacist,0.19019863333333334,0.19019863333333334,1
234313,Environmental Research Scientist,0.09447135999999999,0.18894271999999998,2
234312,Environmental Consultant,0.09447135999999999,0.18894271999999998,2
234311,Conservation Officer,0.09447135999999999,0.18894271999999998,2
312116,Surveying or Spatial Science Technician,0.02097984904761905,0.18881864142857144,9
233215,Transport Engineer,0.18535946,0.18535946,1
233212,Geotechnical Engineer,0.18535946,0.18535946,1
233214,Structural Engineer,0.18535946,0.18535946,1
233211,Civil Engineer,0.18535946,0.18535946,1
224213,Health Information Manager,0.1841363,0.1841363,1
599915,Clinical Coder,0.1841363,0.1841363,1
312211,Civil Engineering Draftsperson,0.04507170535714286,0.18028682142857144,4
312111,Architectural Draftsperson,0.04507170535714286,0.18028682142857144,4
312311,Electrical Engineering Draftsperson,0.04507170535714286,0.18028682142857144,4
312411,Electronic Engineering Draftsperson,0.04507170535714286,0.18028682142857144,4
312511,Mechanical Engineering Draftsperson,0.04507170535714286,0.18028682142857144,4
312914,Other Draftsperson,0.04507170535714286,0.18028682142857144,4
532111,Data Entry Operator,0.1723307,0.1723307,1
542111,Receptionist (General),0.17215566666666668,0.17215566666666668,1
221211,Company Secretary,0.161818875,0.161818875,1
221212,Corporate Treasurer,0.161818875,0.161818875,1
132211,Finance Manager,0.161818875,0.161818875,1
224411,Intelligence Officer,0.15417166666666668,0.15417166666666668,1
224412,Policy Analyst,0.15417166666666668,0.15417166666666668,1
224911,Electorate Officer,0.15417166666666668,0.15417166666666668,1
222213,Stockbroking Dealer,0.07697987777777777,0.15395975555555555,2
222211,Financial Market Dealer,0.07697987777777777,0.15395975555555555,2
222112,Finance Broker,0.07697987777777777,0.15395975555555555,2
133612,Procurement Manager,0.15075798333333332,0.15075798333333332,1
149413,Transport Company Manager,0.15075798333333332,0.15075798333333332,1
149412,Railway Station Manager,0.15075798333333332,0.15075798333333332,1
133311,Importer or Exporter,0.15075798333333332,0.15075798333333332,1
133611,Supply and Distribution Manager,0.15075798333333332,0.15075798333333332,1
149411,Fleet Manager,0.15075798333333332,0.15075798333333332,1
234113,Forester / Forest Scientist,0.04957540833333334,0.14872622500000002,3
234114,Agricultural Research Scientist,0.04957540833333334,0.14872622500000002,3
234111,Agricultural Consultant,0.04957540833333334,0.14872622500000002,3
552111,Bank Worker,0.07232675,0.1446535,2
451211,Driving Instructor,0.13746383333333334,0.13746383333333334,1
249214,Music Teacher (Private Tuition),0.13746383333333334,0.13746383333333334,1
134211,Medical Administrator / Medical Superintendent,0.13149919999999998,0.13149919999999998,1
134212,Nursing Clinical Director,0.13149919999999998,0.13149919999999998,1
134213,Primary Health Organisation Manager,0.13149919999999998,0.13149919999999998,1
133513,Production Manager (Mining),0.12999495714285714,0.12999495714285714,1
422111,Aboriginal and Torres Strait Islander Education Worker,0.12459505,0.12459505,1
422112,Integration Aide,0.12459505,0.12459505,1
422115,Preschool Aide,0.12459505,0.12459505,1
422116,Teachers' Aide,0.12459505,0.12459505,1
263112,Network Administrator,0.11873845,0.11873845,1
262113,Systems Administrator,0.11873845,0.11873845,1
133411,Manufacturer,0.11809906666666665,0.11809906666666665,1
232212,Surveyor,0.05850514999999999,0.11701029999999998,2
232213,Cartographer,0.05850514999999999,0.11701029999999998,2
232214,Other Spatial Scientist,0.05850514999999999,0.11701029999999998,2
225411,Sales Representative (Industrial Products),0.05719243888888889,0.11438487777777778,2
225412,Sales Representative (Medical and Pharmaceutical Products),0.05719243888888889,0.11438487777777778,2
225499,Technical Sales Representatives nec,0.05719243888888889,0.11438487777777778,2
263311,Telecommunications Engineer,0.114229475,0.114229475,1
263312,Telecommunications Network Engineer,0.114229475,0.114229475,1
232412,Illustrator,0.026654244374999997,0.10661697749999999,4
399213,Power Generation Plant Operator,0.026492750000000002,0.10597100000000001,4
133512,Production Manager (Manufacturing),0.05287908333333333,0.10575816666666665,2
251411,Optometrist,0.10016595,0.10016595,1
251412,Orthoptist,0.10016595,0.10016595,1
411412,Mothercraft Nurse,0.09286489999999999,0.09286489999999999,1
441311,Detective,0.042863816666666665,0.08572763333333333,2
411712,Disabilities Services Officer,0.0696745125,0.0696745125,1
411716,Youth Worker,0.0696745125,0.0696745125,1
423413,Refuge Worker,0.0696745125,0.0696745125,1
411713,Family Support Worker,0.0696745125,0.0696745125,1
411711,Community Worker,0.0696745125,0.0696745125,1
411715,Residential Care Officer,0.0696745125,0.0696745125,1
133111,Construction Project Manager,0.034540175,0.06908035,2
621211,ICT Sales Assistant,0.034375329999999996,0.06875065999999999,2
621311,Motor Vehicle or Caravan Salesperson,0.034375329999999996,0.06875065999999999,2
621411,Pharmacy Sales Assistant,0.034375329999999996,0.06875065999999999,2
621312,Motor Vehicle Parts Interpreter / Automotive Parts Salesperson,0.034375329999999996,0.06875065999999999,2
253321,Paediatrician,0.013162448437500002,0.06581224218750001,5
253313,Clinical Haematologist,0.013162448437500002,0.06581224218750001,5
253399,Specialist Physicians nec,0.013162448437500002,0.06581224218750001,5
253324,Thoracic Medicine Specialist,0.013162448437500002,0.06581224218750001,5
253211,Anaesthetist,0.013162448437500002,0.06581224218750001,5
253311,Specialist Physician (General Medicine),0.013162448437500002,0.06581224218750001,5
253312,Cardiologist,0.013162448437500002,0.06581224218750001,5
253316,Gastroenterologist,0.013162448437500002,0.06581224218750001,5
253314,Medical Oncologist,0.013162448437500002,0.06581224218750001,5
253315,Endocrinologist,0.013162448437500002,0.06581224218750001,5
253322,Renal Medicine Specialist,0.013162448437500002,0.06581224218750001,5
253317,Intensive Care Specialist,0.013162448437500002,0.06581224218750001,5
253318,Neurologist,0.013162448437500002,0.06581224218750001,5
253323,Rheumatologist,0.013162448437500002,0.06581224218750001,5
253411,Psychiatrist,0.013162448437500002,0.06581224218750001,5
253999,Medical Practitioners nec,0.013162448437500002,0.06581224218750001,5
253514,Orthopaedic Surgeon,0.013162448437500002,0.06581224218750001,5
253511,Surgeon (General),0.013162448437500002,0.06581224218750001,5
253516,Paediatric Surgeon,0.013162448437500002,0.06581224218750001,5
253914,Ophthalmologist,0.013162448437500002,0.06581224218750001,5
253913,Obstetrician and Gynaecologist,0.013162448437500002,0.06581224218750001,5
253912,Emergency Medicine Specialist,0.013162448437500002,0.06581224218750001,5
253911,Dermatologist,0.013162448437500002,0.06581224218750001,5
253521,Vascular Surgeon,0.013162448437500002,0.06581224218750001,5
253518,Urologist,0.013162448437500002,0.06581224218750001,5
253512,Cardiothoracic Surgeon,0.013162448437500002,0.06581224218750001,5
253517,Plastic and Reconstructive Surgeon,0.013162448437500002,0.06581224218750001,5
253515,Otorhinolaryngologist,0.013162448437500002,0.06581224218750001,5
253918,Radiation Oncologist,0.013162448437500002,0.06581224218750001,5
253917,Diagnostic and Interventional Radiologist,0.013162448437500002,0.06581224218750001,5
253513,Neurosurgeon,0.013162448437500002,0.06581224218750001,5
253915,Pathologist,0.013162448437500002,0.06581224218750001,5
263212,ICT Support Engineer,0.065224125,0.065224125,1
263299,ICT Support and Test Engineers nec,0.065224125,0.065224125,1
261317,Penetration Tester,0.065224125,0.065224125,1
261113,User Experience Designer (ICT),0.065224125,0.065224125,1
263211,ICT Quality Assurance Engineer,0.065224125,0.065224125,1
261399,Software and Applications Programmers nec,0.065224125,0.065224125,1
261314,Software Tester,0.065224125,0.065224125,1
263213,ICT Systems Test Engineer,0.065224125,0.065224125,1
311299,Medical Technicians nec,0.003945731875,0.06313171,16
141111,Cafe or Restaurant Manager,0.0614931,0.0614931,1
399517,Television Equipment Operator,0.010483517499999997,0.05241758749999999,5
342312,Communications Operator,0.010483517499999997,0.05241758749999999,5
399512,"Camera Operator (Film, Television or Video)",0.010483517499999997,0.05241758749999999,5
399511,Broadcast Transmitter Operator,0.010483517499999997,0.05241758749999999,5
711912,Motion Picture Projectionist,0.010483517499999997,0.05241758749999999,5
599912,"Production Assistant (Film, Television, Radio or Stage)",0.010483517499999997,0.05241758749999999,5
451513,Herbalist (Western),0.04643244999999999,0.04643244999999999,1
451511,Natural Remedy Consultant,0.04643244999999999,0.04643244999999999,1
411511,Aboriginal and Torres Strait Islander Health Worker,0.0449169,0.0449169,1
411512,Kaiāwhina (Hauora) (Māori Health Assistant),0.0449169,0.0449169,1
251911,Health Promotion Officer,0.0449169,0.0449169,1
132411,Policy and Planning Manager,0.04333165238095238,0.04333165238095238,1
254211,Nurse Educator,0.013891403921568629,0.041674211764705885,3
254418,Registered Nurse (Medical),0.013891403921568629,0.041674211764705885,3
254499,Registered Nurses nec,0.013891403921568629,0.041674211764705885,3
254425,Registered Nurse (Paediatrics),0.013891403921568629,0.041674211764705885,3
254424,Registered Nurse (Surgical),0.013891403921568629,0.041674211764705885,3
254422,Registered Nurse (Mental Health),0.013891403921568629,0.041674211764705885,3
254421,Registered Nurse (Medical Practice),0.013891403921568629,0.041674211764705885,3
254423,Registered Nurse (Perioperative),0.013891403921568629,0.041674211764705885,3
254417,Registered Nurse (Disability and Rehabilitation),0.013891403921568629,0.041674211764705885,3
254212,Nurse Researcher,0.013891403921568629,0.041674211764705885,3
254416,Registered Nurse (Developmental Disability),0.013891403921568629,0.041674211764705885,3
254311,Nurse Manager,0.013891403921568629,0.041674211764705885,3
254415,Registered Nurse (Critical Care and Emergency),0.013891403921568629,0.041674211764705885,3
254414,Registered Nurse (Community Health),0.013891403921568629,0.041674211764705885,3
254411,Nurse Practitioner,0.013891403921568629,0.041674211764705885,3
254413,Registered Nurse (Child and Family Health),0.013891403921568629,0.041674211764705885,3
254412,Registered Nurse (Aged Care),0.013891403921568629,0.041674211764705885,3
252214,Traditional Chinese Medicine Practitioner,0.03771265,0.03771265,1
252211,Acupuncturist,0.03771265,0.03771265,1
252215,Traditional Māori Health Practitioner,0.03771265,0.03771265,1
252212,Homoeopath,0.03771265,0.03771265,1
252213,Naturopath,0.03771265,0.03771265,1
621912,Rental Salesperson,0.035677475,0.035677475,1
621999,Sales Assistants and Salespersons nec,0.035677475,0.035677475,1
142111,Retail Manager (General),0.017747051666666666,0.03549410333333333,2
142112,Antique Dealer,0.017747051666666666,0.03549410333333333,2
142115,Post Office Manager,0.017747051666666666,0.03549410333333333,2
142113,Betting Agency Manager,0.017747051666666666,0.03549410333333333,2
142114,Hair or Beauty Salon Manager,0.017747051666666666,0.03549410333333333,2
452316,Tennis Coach,0.010360567777777776,0.03108170333333333,3
452317,Other Sports Coach or Instructor,0.010360567777777776,0.03108170333333333,3
452321,Sports Development Officer,0.010360567777777776,0.03108170333333333,3
452314,Snowsport Instructor,0.010360567777777776,0.03108170333333333,3
452311,Diving Instructor (Open Water),0.010360567777777776,0.03108170333333333,3
452322,Sports Umpire,0.010360567777777776,0.03108170333333333,3
452323,Other Sports Official,0.010360567777777776,0.03108170333333333,3
452312,Gymnastics Coach or Instructor,0.010360567777777776,0.03108170333333333,3
452318,Dog and Horse Racing Official,0.010360567777777776,0.03108170333333333,3
452315,Swimming Coach or Instructor,0.010360567777777776,0.03108170333333333,3
312412,Electronic Engineering Technician,0.01462509375,0.0292501875,2
399913,Optical Dispenser / Dispensing Optician,0.0285751,0.0285751,1
133312,Wholesaler,0.016133683333333333,0.016133683333333333,1
313211,Radiocommunications Technician,0.007312546875,0.01462509375,2
139113,Commissioned Police Officer,0.014443884126984127,0.014443884126984127,1
139112,Commissioned Fire Officer,0.014443884126984127,0.014443884126984127,1
139912,Environmental Manager,0.014443884126984127,0.014443884126984127,1
139913,Laboratory Manager,0.014443884126984127,0.014443884126984127,1
133211,Engineering Manager,0.014443884126984127,0.014443884126984127,1
139911,Arts Administrator or Manager,0.014443884126984127,0.014443884126984127,1
139915,Sports Administrator,0.014443884126984127,0.014443884126984127,1
141411,Licensed Club Manager,0.011817723376623375,0.011817723376623375,1
141211,Caravan Park and Camping Ground Manager,0.011817723376623375,0.011817723376623375,1
149911,Boarding Kennel or Cattery Operator,0.011817723376623375,0.011817723376623375,1
149915,Equipment Hire Manager,0.011817723376623375,0.011817723376623375,1
149211,Call or Contact Centre Manager,0.011817723376623375,0.011817723376623375,1
142116,Travel Agency Manager,0.011817723376623375,0.011817723376623375,1
312113,Building Inspector,0.001706363999999999,0.008531819999999996,5
312114,Construction Estimator,0.001706363999999999,0.008531819999999996,5
312212,Civil Engineering Technician,0.001706363999999999,0.008531819999999996,5
431999,Hospitality Workers nec,0.0007017333055555568,0.006315599750000012,9
313213,Telecommunications Network Planner,0.00487503125,0.00487503125,1
313212,Telecommunications Field Engineer,0.00487503125,0.00487503125,1
313214,Telecommunications Technical Officer or Technologist,0.00487503125,0.00487503125,1
399599,Performing Arts Technicians nec,0.0005177951388888868,0.0031067708333333208,6
399516,Sound Technician,0.0005177951388888868,0.0031067708333333208,6
599521,Water Inspector,0.00039578590686274555,0.0015831436274509822,4
599514,"Invasive Pest, Weed and Disease Inspector",0.00039578590686274555,0.0015831436274509822,4
311312,Meat Inspector,0.00039578590686274555,0.0015831436274509822,4
311314,Primary Products Quality Assurance Officer,0.0002565390958605668,0.001282695479302834,5
311399,Primary Products Assurance and Inspection Officers nec,0.0002565390958605668,0.001282695479302834,5
561913,Parking Inspector,-0.00030044814814814813,-0.00030044814814814813,1
312115,Plumbing Inspector,-0.00030044814814814813,-0.00030044814814814813,1
599517,Train Examiner,-0.00030044814814814813,-0.00030044814814814813,1
224914,Patents Examiner,-0.00030044814814814813,-0.00030044814814814813,1
311311,Fisheries Officer,-0.00030044814814814813,-0.00030044814814814813,1
133511,Production Manager (Forestry),-0.0034456434782608692,-0.0034456434782608692,1
311411,Chemistry Technician,-0.0012804466666666663,-0.0038413399999999986,3
311412,Earth Science Technician,-0.0012804466666666663,-0.0038413399999999986,3
311414,School Laboratory Technician,-0.0012804466666666663,-0.0038413399999999986,3
311415,Hydrographer,-0.0012804466666666663,-0.0038413399999999986,3
363215,Senior Sheep Farm Worker,-0.005874816515837104,-0.011749633031674207,2
363214,Senior Piggery Stockperson,-0.005874816515837104,-0.011749633031674207,2
363311,Shearer,-0.005874816515837104,-0.011749633031674207,2
363213,Senior Dairy Cattle Farm Worker,-0.005874816515837104,-0.011749633031674207,2
361116,Track Rider,-0.005874816515837104,-0.011749633031674207,2
363212,Senior Cattle and Sheep Farm Worker,-0.005874816515837104,-0.011749633031674207,2
363211,Senior Beef Cattle Station Worker,-0.005874816515837104,-0.011749633031674207,2
311114,Aquaculture or Fisheries Technician,-0.012308075,-0.012308075,1
311113,Animal Husbandry Technician,-0.012308075,-0.012308075,1
311115,Irrigation Designer,-0.012308075,-0.012308075,1
121315,Goat Farmer,-0.005065092169978359,-0.015195276509935077,3
121312,Beef Cattle Farmer,-0.005065092169978359,-0.015195276509935077,3
121313,Dairy Cattle Farmer,-0.005065092169978359,-0.015195276509935077,3
121322,Sheep Farmer,-0.005065092169978359,-0.015195276509935077,3
121323,Mixed Cattle and Sheep Farmer,-0.005065092169978359,-0.015195276509935077,3
121316,Horse Breeder,-0.005065092169978359,-0.015195276509935077,3
121318,Pig Farmer,-0.005065092169978359,-0.015195276509935077,3
121314,Deer Farmer,-0.005065092169978359,-0.015195276509935077,3
421114,Out of School Hours Care Worker,-0.008725376666666666,-0.017450753333333333,2
423411,Child or Youth Residential Care Assistant,-0.008725376666666666,-0.017450753333333333,2
423412,Hostel Parent,-0.008725376666666666,-0.017450753333333333,2
421113,Nanny,-0.008725376666666666,-0.017450753333333333,2
421112,Family Day Care Worker,-0.008725376666666666,-0.017450753333333333,2
421111,Child Care Worker,-0.008725376666666666,-0.017450753333333333,2
842315,Piggery Farm Worker,-0.021779540000000003,-0.021779540000000003,1
842321,Wool Handler,-0.021779540000000003,-0.021779540000000003,1
842318,Stablehand,-0.021779540000000003,-0.021779540000000003,1
842317,Sheep Farm Worker,-0.021779540000000003,-0.021779540000000003,1
842316,Poultry Farm Worker,-0.021779540000000003,-0.021779540000000003,1
842314,Livestock Husbandry Worker,-0.021779540000000003,-0.021779540000000003,1
842313,Dairy Cattle Farm Worker,-0.021779540000000003,-0.021779540000000003,1
842312,Cattle and Sheep Farm Worker,-0.021779540000000003,-0.021779540000000003,1
842399,Livestock Farm Workers nec,-0.021779540000000003,-0.021779540000000003,1
842311,Beef Cattle Farm Worker,-0.021779540000000003,-0.021779540000000003,1
234314,Park Ranger,-0.0024867723809523837,-0.022380951428571452,9
311215,Pharmacy Technician,-0.0233856,-0.0233856,1
399912,Interior Decorator,-0.008130777777777771,-0.024392333333333314,3
639511,Visual Merchandiser,-0.008130777777777771,-0.024392333333333314,3
842211,Cotton Farm Worker,-0.026042727272727273,-0.026042727272727273,1
842299,Crop Farm Workers nec,-0.026042727272727273,-0.026042727272727273,1
842212,Fruit Farm Worker,-0.026042727272727273,-0.026042727272727273,1
842222,Vineyard Worker,-0.026042727272727273,-0.026042727272727273,1
842213,Fruit Picker,-0.026042727272727273,-0.026042727272727273,1
842214,"Grain, Oilseed, Pulse and Pasture Farm Worker (Aus) / Field Farm Worker (NZ)",-0.026042727272727273,-0.026042727272727273,1
842215,Mushroom Picker,-0.026042727272727273,-0.026042727272727273,1
842216,Nut Farm Worker,-0.026042727272727273,-0.026042727272727273,1
842217,Sugar Cane Farm Worker,-0.026042727272727273,-0.026042727272727273,1
842221,Vegetable Picker,-0.026042727272727273,-0.026042727272727273,1
842218,Vegetable Farm Worker (Aus) / Market Garden Worker (NZ),-0.026042727272727273,-0.026042727272727273,1
839311,Product Examiner,-0.031135620000000003,-0.031135620000000003,1
363312,Wool Classer,-0.031135620000000003,-0.031135620000000003,1
363116,Senior Broadacre Crop Farm Worker,-0.015597091346153847,-0.031194182692307695,2
121511,Cotton Grower,-0.011546608723522854,-0.034639826170568565,3
121513,Sugar Cane Grower,-0.011546608723522854,-0.034639826170568565,3
121512,"Grain, Oilseed, Pulse or Pasture Grower / Field Crop Grower",-0.011546608723522854,-0.034639826170568565,3
363117,Vineyard Supervisor,-0.017825247252747256,-0.03565049450549451,2
121612,Fruit Grower,-0.013032045994585127,-0.03909613798375538,3
121613,Nut Grower,-0.013032045994585127,-0.03909613798375538,3
399918,Fire Protection Equipment Technician,-0.004819869166666666,-0.048198691666666654,10
399916,Plastics Technician,-0.004819869166666666,-0.048198691666666654,10
312199,"Architectural, Building and Surveying Technicians nec",-0.004819869166666666,-0.048198691666666654,10
451814,Body Artist,-0.04931081666666667,-0.04931081666666667,1
212316,Stage Manager,-0.04931081666666667,-0.04931081666666667,1
399513,Light Technician,-0.04931081666666667,-0.04931081666666667,1
311499,Science Technicians nec,-0.004003079358974358,-0.05204003166666665,13
639412,Transport Conductor,-0.02747493382352941,-0.05494986764705882,2
312912,Metallurgical or Materials Technician,-0.004935759027777777,-0.05922910833333332,12
811412,Domestic Housekeeper,-0.06114753333333334,-0.06114753333333334,1
431411,Hotel Service Manager,-0.06114753333333334,-0.06114753333333334,1
141911,Bed and Breakfast Operator,-0.06114753333333334,-0.06114753333333334,1
599512,Immigration Officer,-0.021654740740740742,-0.06496422222222223,3
599511,Customs Officer,-0.021654740740740742,-0.06496422222222223,3
311313,Biosecurity Officer,-0.016316167592592593,-0.06526467037037037,4
392211,Graphic Pre-press Trades Worker,-0.03325935,-0.0665187,2
312999,Building and Engineering Technicians nec,-0.006183785606060605,-0.06802164166666666,11
121599,Broadacre Crop Growers nec,-0.014058064135212614,-0.07029032067606307,5
631112,Office Cashier,-0.035222116666666664,-0.07044423333333333,2
631111,Checkout Operator,-0.035222116666666664,-0.07044423333333333,2
311217,Respiratory Technician,-0.02007721,-0.08030884,4
411212,Dental Prosthetist,-0.02007721,-0.08030884,4
411213,Dental Technician,-0.02007721,-0.08030884,4
251912,Orthotist or Prosthetist,-0.02007721,-0.08030884,4
312112,Building Associate,-0.013572767500000001,-0.08143660500000001,6
234711,Veterinarian,-0.0842553,-0.0842553,1
394299,Wood Machinists and Other Wood Trades Workers nec,-0.09173622000000001,-0.09173622000000001,1
363111,Aquaculture Supervisor,-0.049935940384615386,-0.09987188076923077,2
331212,Carpenter,-0.050754824999999996,-0.10150964999999999,2
399312,Library Technician,-0.03407325666666667,-0.10221977000000002,3
399311,Gallery or Museum Technician,-0.03407325666666667,-0.10221977000000002,3
121321,Poultry Farmer,-0.03443917474916388,-0.10331752424749165,3
121311,Apiarist,-0.03443917474916388,-0.10331752424749165,3
839917,Hide and Skin Processing Worker,-0.1147088888888889,-0.1147088888888889,1
711712,Hide and Skin Processing Machine Operator,-0.1147088888888889,-0.1147088888888889,1
452211,Bungy Jump Master,-0.028808529666666666,-0.11523411866666666,4
452111,Fitness Instructor,-0.028808529666666666,-0.11523411866666666,4
452214,Mountain or Glacier Guide,-0.028808529666666666,-0.11523411866666666,4
452313,Horse Riding Coach or Instructor,-0.028808529666666666,-0.11523411866666666,4
452299,Outdoor Adventure Guides nec,-0.028808529666666666,-0.11523411866666666,4
452212,Fishing Guide,-0.028808529666666666,-0.11523411866666666,4
452216,Trekking Guide,-0.028808529666666666,-0.11523411866666666,4
452215,Outdoor Adventure Instructor,-0.028808529666666666,-0.11523411866666666,4
452217,Whitewater Rafting Guide,-0.028808529666666666,-0.11523411866666666,4
452213,Hunting Guide,-0.028808529666666666,-0.11523411866666666,4
442217,Security Officer,-0.04052187777777778,-0.12156563333333334,3
442215,Retail Loss Prevention Officer,-0.04052187777777778,-0.12156563333333334,3
442213,Crowd Controller,-0.04052187777777778,-0.12156563333333334,3
442212,Armoured Car Escort,-0.04052187777777778,-0.12156563333333334,3
442211,"Alarm, Security or Surveillance Monitor",-0.04052187777777778,-0.12156563333333334,3
831118,Winery Cellar Hand,-0.026424852307692308,-0.13212426153846155,5
831116,Grain Mill Worker,-0.026424852307692308,-0.13212426153846155,5
831117,Sugar Mill Worker,-0.026424852307692308,-0.13212426153846155,5
831111,Baking Factory Worker,-0.026424852307692308,-0.13212426153846155,5
831115,Fruit and Vegetable Factory Worker,-0.026424852307692308,-0.13212426153846155,5
831112,Brewery Worker,-0.026424852307692308,-0.13212426153846155,5
211413,Sculptor,-0.06658814874999999,-0.13317629749999998,2
211411,Painter (Visual Arts),-0.06658814874999999,-0.13317629749999998,2
363115,Senior Broadacre Crop and Livestock Farm Worker,-0.04515614017094018,-0.13546842051282054,3
121711,Broadacre Crop and Livestock Farmer,-0.034728515997770354,-0.13891406399108142,4
591116,Warehouse Administrator,-0.04682195476190476,-0.14046586428571428,3
712922,Weighbridge Operator,-0.04682195476190476,-0.14046586428571428,3
591117,Order Clerk,-0.04682195476190476,-0.14046586428571428,3
591115,Stock Clerk,-0.04682195476190476,-0.14046586428571428,3
591113,Purchasing Officer,-0.04682195476190476,-0.14046586428571428,3
121615,Turf Grower,-0.0483389,-0.1450167,3
362411,Nurseryperson,-0.0483389,-0.1450167,3
362511,Arborist,-0.0483389,-0.1450167,3
362512,Tree Worker,-0.0483389,-0.1450167,3
362611,Gardener (General),-0.0483389,-0.1450167,3
362711,Landscape Gardener,-0.0483389,-0.1450167,3
362312,Sports Turf Manager,-0.0483389,-0.1450167,3
362712,Irrigation Technician,-0.0483389,-0.1450167,3
362313,Sports Turf Trades Worker,-0.0483389,-0.1450167,3
121614,Production Nursery Grower,-0.0483389,-0.1450167,3
839312,Product Grader,-0.04891528444444445,-0.14674585333333334,3
839313,Product Tester,-0.04891528444444445,-0.14674585333333334,3
322111,Blacksmith,-0.14683183333333333,-0.14683183333333333,1
322113,Farrier,-0.14683183333333333,-0.14683183333333333,1
121611,Flower Grower,-0.03711558586956521,-0.14846234347826084,4
561311,Filing or Registry Clerk,-0.050973666666666674,-0.15292100000000003,3
351111,Baker,-0.15809796666666667,-0.15809796666666667,1
351112,Pastrycook,-0.15809796666666667,-0.15809796666666667,1
311213,Medical Laboratory Technician,-0.08128435,-0.1625687,2
393114,Shoemaker,-0.16783033333333333,-0.16783033333333333,1
411311,Diversional Therapist,-0.017511035,-0.17511035,10
311214,Operating Theatre Technician,-0.017511035,-0.17511035,10
311211,Anaesthetic Technician,-0.017511035,-0.17511035,10
411211,Dental Hygienist,-0.087565725,-0.17513145,2
411214,Dental Therapist,-0.087565725,-0.17513145,2
121111,Aquaculture Farmer,-0.05970722692307692,-0.17912168076923077,3
121616,Vegetable Grower (Aus) / Market Gardener (NZ),-0.029942754361761425,-0.17965652617056854,6
312512,Mechanical Engineering Technician,-0.047117062499999994,-0.18846824999999998,4
231215,Marine Surveyor,-0.047117062499999994,-0.18846824999999998,4
312913,Mine Deputy,-0.06365575555555557,-0.1909672666666667,3
211311,Photographer,-0.19106955,-0.19106955,1
121799,Mixed Production Farmers nec,-0.033550404895949466,-0.20130242937569678,6
899922,Trolley Collector,-0.040838811249999996,-0.20419405624999998,5
899912,Car Park Attendant,-0.040838811249999996,-0.20419405624999998,5
899918,Sign Erector,-0.040838811249999996,-0.20419405624999998,5
899917,Railways Assistant,-0.040838811249999996,-0.20419405624999998,5
899916,Mechanic's Assistant,-0.040838811249999996,-0.20419405624999998,5
899921,Ticket Collector or Usher,-0.040838811249999996,-0.20419405624999998,5
431111,Bar Attendant,-0.2054998,-0.2054998,1
431112,Barista,-0.2054998,-0.2054998,1
331213,Joiner,-0.20754216666666667,-0.20754216666666667,1
331211,Carpenter and Joiner,-0.20754216666666667,-0.20754216666666667,1
451799,Travel Attendants nec,-0.06997704460784314,-0.20993113382352943,3
451711,Flight Attendant,-0.06997704460784314,-0.20993113382352943,3
441211,Emergency Service Worker,-0.03018909591836735,-0.21132367142857145,7
452414,Lifeguard,-0.03018909591836735,-0.21132367142857145,7
899913,Crossing Supervisor,-0.03018909591836735,-0.21132367142857145,7
899923,Road Traffic Controller,-0.03018909591836735,-0.21132367142857145,7
363299,Senior Livestock Farm Workers nec,-0.03524889909502263,-0.21149339457013577,6
361111,Dog Handler or Trainer,-0.05319749,-0.21278996,4
361199,Animal Attendants and Trainers nec,-0.05319749,-0.21278996,4
361115,Kennel Hand,-0.05319749,-0.21278996,4
361114,Zookeeper,-0.05319749,-0.21278996,4
361113,Pet Groomer,-0.05319749,-0.21278996,4
361112,Horse Trainer,-0.05319749,-0.21278996,4
121399,Livestock Farmers nec,-0.030705576864056665,-0.21493903804839665,7
251213,Nuclear Medicine Technologist,-0.046182452,-0.23091226,5
251212,Medical Radiation Therapist,-0.046182452,-0.23091226,5
251211,Medical Diagnostic Radiographer,-0.046182452,-0.23091226,5
251214,Sonographer,-0.046182452,-0.23091226,5
121699,Horticultural Crop Growers nec,-0.030812650421046344,-0.24650120336837075,8
351311,Chef,-0.123551525,-0.24710305,2
842499,Mixed Production Farm Workers nec,-0.12606635,-0.2521327,2
842411,Broadacre Crop and Livestock Farm Worker,-0.12606635,-0.2521327,2
313199,ICT Support Technicians nec,-0.03249464671717172,-0.25995717373737376,8
891211,Shelf Filler,-0.26161665,-0.26161665,1
231213,Ship's Master,-0.13150650294117647,-0.26301300588235293,2
231214,Ship's Officer,-0.13150650294117647,-0.26301300588235293,2
231299,Marine Transport Professionals nec,-0.13150650294117647,-0.26301300588235293,2
839211,Plastics Factory Worker,-0.06611036979166666,-0.26444147916666666,4
839212,Rubber Factory Worker,-0.06611036979166666,-0.26444147916666666,4
839911,Cement and Concrete Plant Worker,-0.06611036979166666,-0.26444147916666666,4
839111,Metal Engineering Process Worker,-0.06611036979166666,-0.26444147916666666,4
839413,Wood and Wood Products Factory Worker,-0.06611036979166666,-0.26444147916666666,4
899511,Printer's Assistant,-0.06611036979166666,-0.26444147916666666,4
839912,Chemical Plant Worker,-0.06611036979166666,-0.26444147916666666,4
839913,Clay Processing Factory Worker,-0.06611036979166666,-0.26444147916666666,4
839914,Fabric and Textile Factory Worker,-0.06611036979166666,-0.26444147916666666,4
839915,Footwear Factory Worker,-0.06611036979166666,-0.26444147916666666,4
839916,Glass Processing Worker,-0.06611036979166666,-0.26444147916666666,4
839999,Factory Process Workers nec,-0.06611036979166666,-0.26444147916666666,4
839412,Sawmill or Timber Yard Worker,-0.06611036979166666,-0.26444147916666666,4
839411,Paper and Pulp Mill Worker,-0.06611036979166666,-0.26444147916666666,4
312312,Electrical Engineering Technician,-0.1323633125,-0.264726625,2
451111,Beauty Therapist,-0.045314273999999995,-0.271885644,6
399514,Make Up Artist,-0.045314273999999995,-0.271885644,6
451512,Weight Loss Consultant,-0.045314273999999995,-0.271885644,6
451812,Hair or Beauty Salon Assistant,-0.045314273999999995,-0.271885644,6
363114,Horticultural Supervisor or Specialist,-0.03047219362026862,-0.2742497425824176,9
733115,Tow Truck Driver,-0.1396416917647059,-0.2792833835294118,2
733114,Tanker Driver,-0.1396416917647059,-0.2792833835294118,2
733113,Furniture Removalist,-0.1396416917647059,-0.2792833835294118,2
733112,Aircraft Refueller,-0.1396416917647059,-0.2792833835294118,2
733111,Truck Driver (General),-0.1396416917647059,-0.2792833835294118,2
899212,Fishing Hand,-0.07012657692307693,-0.2805063076923077,4
231211,Master Fisher,-0.07012657692307693,-0.2805063076923077,4
363112,Fishing Leading Hand,-0.07012657692307693,-0.2805063076923077,4
392312,Small Offset Printer,-0.2814466666666667,-0.2814466666666667,1
392311,Printing Machinist,-0.2814466666666667,-0.2814466666666667,1
392112,Screen Printer,-0.2814466666666667,-0.2814466666666667,1
831113,Confectionery Maker,-0.04837037136752137,-0.2902222282051282,6
411411,Enrolled Nurse,-0.2979922,-0.2979922,1
393299,Clothing Trades Workers nec,-0.3032688,-0.3032688,1
393213,Dressmaker or Tailor,-0.3032688,-0.3032688,1
411112,Intensive Care Ambulance Paramedic (Aus) / Ambulance Paramedic (NZ),-0.154741375,-0.30948275,2
621911,Materials Recycler,-0.31569075,-0.31569075,1
839918,Recycling Worker,-0.31569075,-0.31569075,1
452499,Sportspersons nec,-0.32259575,-0.32259575,1
452412,Golfer,-0.32259575,-0.32259575,1
452411,Footballer,-0.32259575,-0.32259575,1
452413,Jockey,-0.32259575,-0.32259575,1
442299,Security Officers and Guards nec,-0.03328893047619048,-0.33288930476190476,10
431511,Waiter,-0.1729641875,-0.345928375,2
231111,Aeroplane Pilot,-0.11657217647058822,-0.3497165294117647,3
231113,Flying Instructor,-0.11657217647058822,-0.3497165294117647,3
231114,Helicopter Pilot,-0.11657217647058822,-0.3497165294117647,3
231199,Air Transport Professionals nec,-0.11657217647058822,-0.3497165294117647,3
411611,Massage Therapist,-0.11714851666666666,-0.35144555,3
399915,Photographer's Assistant,-0.178495225,-0.35699045,2
899111,Caretaker,-0.36434733333333336,-0.36434733333333336,1
811612,Window Cleaner,-0.36434733333333336,-0.36434733333333336,1
832199,Packers nec,-0.183675,-0.36735,2
832115,Seafood Packer,-0.183675,-0.36735,2
832111,Chocolate Packer,-0.183675,-0.36735,2
832113,Fruit and Vegetable Packer,-0.183675,-0.36735,2
832114,Meat Packer,-0.183675,-0.36735,2
832112,Container Filler,-0.183675,-0.36735,2
451899,Personal Service Workers nec,-0.029075216205128207,-0.3779778106666667,13
362111,Florist,-0.18954683333333333,-0.37909366666666666,2
899915,Leaflet or Newspaper Deliverer,-0.19076701666666665,-0.3815340333333333,2
431912,Doorperson or Luggage Porter,-0.19076701666666665,-0.3815340333333333,2
334117,Fire Protection Plumber,-0.191717,-0.383434,2
334116,Plumber (General),-0.191717,-0.383434,2
334113,Drainer,-0.191717,-0.383434,2
334114,Gasfitter,-0.191717,-0.383434,2
334112,Airconditioning and Mechanical Services Plumber,-0.191717,-0.383434,2
711713,Knitting Machine Operator,-0.38516833333333333,-0.38516833333333333,1
711715,Weaving Machine Operator,-0.38516833333333333,-0.38516833333333333,1
342314,Electronic Instrument Trades Worker (General),-0.05504523406926407,-0.3853166384848485,7
342313,Electronic Equipment Trades Worker,-0.05504523406926407,-0.3853166384848485,7
342315,Electronic Instrument Trades Worker (Special Class),-0.05504523406926407,-0.3853166384848485,7
342311,Business Machine Mechanic,-0.05504523406926407,-0.3853166384848485,7
323111,Aircraft Maintenance Engineer (Avionics),-0.05504523406926407,-0.3853166384848485,7
311112,Agricultural and Agritech Technician,-0.1964406375,-0.392881275,2
711112,Concrete Products Machine Operator,-0.09827704166666668,-0.3931081666666667,4
712914,Concrete Batching Plant Operator,-0.09827704166666668,-0.3931081666666667,4
712913,Cement Production Plant Operator,-0.09827704166666668,-0.3931081666666667,4
711114,Stone Processing Machine Operator,-0.09827704166666668,-0.3931081666666667,4
711199,"Clay, Concrete, Glass and Stone Processing Machine Operators nec",-0.09827704166666668,-0.3931081666666667,4
712915,Concrete Pump Operator,-0.09827704166666668,-0.3931081666666667,4
423312,Nursing Support Worker,-0.197372125,-0.39474425,2
423313,Personal Care Assistant,-0.197372125,-0.39474425,2
323113,Aircraft Maintenance Engineer (Structures),-0.13496539285714285,-0.40489617857142857,3
324211,Vehicle Body Builder,-0.13496539285714285,-0.40489617857142857,3
324111,Panelbeater,-0.13496539285714285,-0.40489617857142857,3
322211,Sheetmetal Worker,-0.13496539285714285,-0.40489617857142857,3
311212,Cardiac Technician,-0.027068174,-0.40602261,15
899911,Bicycle Mechanic,-0.20824937727272727,-0.41649875454545454,2
423111,Aged or Disabled Carer,-0.08331864800000001,-0.41659324000000003,5
891111,Freight Handler (Rail or Road),-0.10480595277777777,-0.41922381111111107,4
891113,Waterside Worker,-0.10480595277777777,-0.41922381111111107,4
891112,Truck Driver's Offsider,-0.10480595277777777,-0.41922381111111107,4
721911,Aircraft Baggage Handler and Airline Ground Crew,-0.10480595277777777,-0.41922381111111107,4
712912,Bulk Materials Handling Plant Operator,-0.10480595277777777,-0.41922381111111107,4
711314,Other Wood Processing Machine Operator,-0.42168300000000003,-0.42168300000000003,1
711313,Sawmilling Operator,-0.42168300000000003,-0.42168300000000003,1
821711,Construction Rigger,-0.4258376666666666,-0.4258376666666666,1
252312,Dentist,-0.1089846,-0.4359384,4
252311,Dental Specialist,-0.1089846,-0.4359384,4
721111,Agricultural and Horticultural Mobile Plant Operator,-0.2210675,-0.442135,2
721112,Logging Plant Operator,-0.2210675,-0.442135,2
392111,Print Finisher,-0.45696465,-0.45696465,1
451311,Funeral Director,-0.15487936666666666,-0.4646381,3
451399,Funeral Workers nec,-0.15487936666666666,-0.4646381,3
322312,Pressure Welder,-0.23456529999999998,-0.46913059999999995,2
323213,Fitter-Welder,-0.23456529999999998,-0.46913059999999995,2
322313,Welder (First Class) (Aus) / Welder (NZ),-0.23456529999999998,-0.46913059999999995,2
711913,Sand Blaster,-0.15868778703703704,-0.4760633611111111,3
322112,Electroplater,-0.15868778703703704,-0.4760633611111111,3
361311,Veterinary Nurse,-0.08354312666666668,-0.50125876,6
639111,Model,-0.5034364,-0.5034364,1
811311,Domestic Cleaner,-0.5154065,-0.5154065,1
211412,Potter or Ceramic Artist,-0.13088043437500002,-0.5235217375000001,4
423314,Therapy Aide,-0.04050430000000001,-0.5265559000000001,13
711914,Sterilisation Technician,-0.06591749166666666,-0.5273399333333333,8
423311,Hospital Orderly,-0.06591749166666666,-0.5273399333333333,8
311216,Pathology Collector / Phlebotomist,-0.06591749166666666,-0.5273399333333333,8
721212,Backhoe Operator,-0.10671714545454544,-0.5335857272727272,5
721914,Railway Track Plant Operator,-0.10671714545454544,-0.5335857272727272,5
721915,Road Roller Operator,-0.10671714545454544,-0.5335857272727272,5
721214,Excavator Operator,-0.10671714545454544,-0.5335857272727272,5
721916,Streetsweeper Operator,-0.10671714545454544,-0.5335857272727272,5
721213,Bulldozer Operator,-0.10671714545454544,-0.5335857272727272,5
721215,Grader Operator,-0.10671714545454544,-0.5335857272727272,5
721216,Loader Operator,-0.10671714545454544,-0.5335857272727272,5
721913,Paving Plant Operator,-0.10671714545454544,-0.5335857272727272,5
721211,Earthmoving Plant Operator (General),-0.10671714545454544,-0.5335857272727272,5
431911,Bar Useful or Busser,-0.18304703703703704,-0.5491411111111111,3
821611,Railway Track Worker,-0.2778397,-0.5556794,2
821915,Surveyor's Assistant,-0.2778397,-0.5556794,2
821112,"Drainage, Sewerage and Stormwater Labourer",-0.2778397,-0.5556794,2
821511,Paving and Surfacing Labourer,-0.2778397,-0.5556794,2
821113,Earthmoving Labourer,-0.2778397,-0.5556794,2
731312,Tram Driver,-0.1394340854779412,-0.5577363419117648,4
731211,Bus Driver,-0.1394340854779412,-0.5577363419117648,4
731213,Passenger Coach Driver,-0.1394340854779412,-0.5577363419117648,4
731212,Charter and Tour Bus Driver,-0.1394340854779412,-0.5577363419117648,4
399211,Chemical Plant Operator,-0.560149,-0.560149,1
231212,Ship's Engineer,-0.2816051088235294,-0.5632102176470588,2
342212,Technical Cable Jointer,-0.28234322727272726,-0.5646864545454545,2
342211,Electrical Linesworker / Electrical Line Mechanic,-0.28234322727272726,-0.5646864545454545,2
322115,Metal Polisher,-0.28449875,-0.5689975,2
712911,Boiler or Engine Operator,-0.579769,-0.579769,1
399515,Musical Instrument Maker or Repairer,-0.2973490545454545,-0.594698109090909,2
842111,Aquaculture Worker,-0.29783145,-0.5956629,2
394214,Wood Turner,-0.601953,-0.601953,1
394213,Wood Machinist,-0.601953,-0.601953,1
811211,Commercial Cleaner,-0.1525721611111111,-0.6102886444444444,4
811411,Commercial Housekeeper,-0.1525721611111111,-0.6102886444444444,4
211499,Visual Arts and Crafts Professionals nec,-0.2036231088888889,-0.6108693266666667,3
731111,Chauffeur,-0.12336229392156864,-0.6168114696078432,5
731112,Taxi Driver,-0.12336229392156864,-0.6168114696078432,5
731199,Automobile Drivers nec,-0.12336229392156864,-0.6168114696078432,5
732111,Delivery Driver,-0.12336229392156864,-0.6168114696078432,5
363113,Forestry Operations Supervisor,-0.12382927371794872,-0.6191463685897436,5
899611,Recycling or Rubbish Collector,-0.3136972088235294,-0.6273944176470588,2
811699,Cleaners nec,-0.6302045,-0.6302045,1
811611,Carpet Cleaner,-0.6302045,-0.6302045,1
899412,Autoglazier,-0.633519,-0.633519,1
333111,Glazier,-0.633519,-0.633519,1
843912,Irrigation Assistant,-0.21118911111111113,-0.6335673333333334,3
843411,Pest Control Technician,-0.21118911111111113,-0.6335673333333334,3
399411,Jeweller,-0.6366536,-0.6366536,1
351211,Butcher or Smallgoods Maker,-0.16418600208333334,-0.6567440083333334,4
831212,Slaughterer,-0.16418600208333334,-0.6567440083333334,4
831211,Meat Boner and Slicer,-0.16418600208333334,-0.6567440083333334,4
342413,Telecommunications Linesworker / Telecommunications Line Mechanic,-0.0954078533910534,-0.6678549737373738,7
342414,Telecommunications Technician,-0.0954078533910534,-0.6678549737373738,7
313111,Hardware Technician,-0.0954078533910534,-0.6678549737373738,7
342411,Cabler (Data and Telecommunications),-0.0954078533910534,-0.6678549737373738,7
342412,Telecommunications Cable Jointer,-0.0954078533910534,-0.6678549737373738,7
323311,Engraver,-0.33459015,-0.6691803,2
399611,Signwriter,-0.33459015,-0.6691803,2
851111,Fast Food Cook,-0.33717034999999995,-0.6743406999999999,2
311413,Life Science Technician,-0.13582756,-0.6791378,5
711411,Photographic Developer and Printer,-0.07702898148148148,-0.6932608333333333,9
423211,Dental Assistant,-0.07024713833333332,-0.7024713833333333,10
324212,Vehicle Trimmer,-0.702589,-0.702589,1
393311,Upholsterer,-0.702589,-0.702589,1
711911,Chemical Production Machine Operator,-0.23484633333333335,-0.704539,3
711716,Yarn Carding and Spinning Machine Operator,-0.708272,-0.708272,1
341112,Electrician (Special Class),-0.358730025,-0.71746005,2
899512,Printing Table Worker,-0.14428122583333333,-0.7214061291666667,5
843911,Hunter-Trapper,-0.36496523076923076,-0.7299304615384615,2
712921,Waste Water or Water Plant Operator,-0.18283106875,-0.731324275,4
621111,Sales Assistant (General),-0.05626280261538462,-0.731416434,13
363199,"Senior Aquaculture, Crop and Forestry Workers nec",-0.06803449192474192,-0.7483794111721611,11
323316,Watch and Clock Maker and Repairer,-0.19077821363636363,-0.7631128545454545,4
323314,Precision Instrument Maker and Repairer,-0.19077821363636363,-0.7631128545454545,4
811111,Car Detailer,-0.7676695,-0.7676695,1
333311,Roof Tiler,-0.7767195,-0.7767195,1
843111,Forestry Worker,-0.13096750865384615,-0.7858050519230769,6
843113,Tree Faller,-0.13096750865384615,-0.7858050519230769,6
843112,Logging Assistant,-0.13096750865384615,-0.7858050519230769,6
821914,Mining Support Worker,-0.7861695,-0.7861695,1
821912,Driller's Assistant,-0.7861695,-0.7861695,1
391111,Hairdresser,-0.26276800666666666,-0.78830402,3
831312,Poultry Process Worker,-0.087652029985755,-0.7888682698717949,9
831311,Meat Process Worker,-0.087652029985755,-0.7888682698717949,9
831313,Seafood Process Worker,-0.087652029985755,-0.7888682698717949,9
323312,Gunsmith,-0.13242568166666666,-0.79455409,6
323412,Toolmaker,-0.13242568166666666,-0.79455409,6
323411,Engineering Patternmaker,-0.13242568166666666,-0.79455409,6
323313,Locksmith,-0.13242568166666666,-0.79455409,6
899999,Labourers nec,-0.08233404248397436,-0.8233404248397436,10
741111,Storeperson,-0.07492101405122654,-0.8241311545634921,11
323112,Aircraft Maintenance Engineer (Mechanical),-0.4124203545454545,-0.824840709090909,2
721912,Linemarker,-0.20856619166666668,-0.8342647666666667,4
831114,Dairy Products Maker,-0.12424504450549452,-0.8697153115384616,7
711311,Paper Products Machine Operator,-0.443606425,-0.88721285,2
342111,Airconditioning and Refrigeration Mechanic,-0.4532240545454545,-0.906448109090909,2
811513,Ironer or Presser,-0.45723230000000004,-0.9144646000000001,2
811512,Drycleaner,-0.45723230000000004,-0.9144646000000001,2
811511,Laundry Worker (General),-0.45723230000000004,-0.9144646000000001,2
712916,Paper and Pulp Mill Operator,-0.3062520611111111,-0.9187561833333333,3
711714,Textile Dyeing and Finishing Machine Operator,-0.9229649,-0.9229649,1
711514,Plastics Production Machine Operator (General),-0.07824935932539683,-0.9389923119047618,12
711513,Plastics Fabricator or Welder,-0.07824935932539683,-0.9389923119047618,12
711512,Plastic Compounding and Reclamation Machine Operator,-0.07824935932539683,-0.9389923119047618,12
711511,Plastic Cablemaking Machine Operator,-0.07824935932539683,-0.9389923119047618,12
711599,Plastics and Rubber Production Machine Operators nec,-0.07824935932539683,-0.9389923119047618,12
711515,Reinforced Plastic and Composite Production Worker,-0.07824935932539683,-0.9389923119047618,12
899711,Vending Machine Attendant,-0.469626875,-0.93925375,2
561912,Meter Reader,-0.469626875,-0.93925375,2
393111,Canvas Goods Fabricator,-0.31326418518518523,-0.9397925555555556,3
393113,Sail Maker,-0.31326418518518523,-0.9397925555555556,3
712917,Railway Signal Operator,-0.3135289196078431,-0.9405867588235294,3
712918,Train Controller,-0.3135289196078431,-0.9405867588235294,3
712213,Shot Firer,-0.9547396,-0.9547396,1
393211,Apparel Cutter,-0.32035210000000003,-0.9610563000000001,3
393212,Clothing Patternmaker,-0.32035210000000003,-0.9610563000000001,3
411111,Ambulance Officer,-0.1610891866013072,-0.9665351196078431,6
843311,Horticultural Nursery Assistant,-0.485731,-0.971462,2
843211,Garden Labourer,-0.485731,-0.971462,2
711999,Machine Operators nec,-0.20003713333333334,-1.0001856666666666,5
431211,Cafe Worker,-0.20377266500000002,-1.018863325,5
561411,Mail Clerk,-0.20385172666666668,-1.0192586333333333,5
561212,Postal Delivery Officer,-0.20385172666666668,-1.0192586333333333,5
561412,Postal Sorting Officer,-0.20385172666666668,-1.0192586333333333,5
399914,Optical Mechanic,-0.20476951333333332,-1.0238475666666667,5
442111,Prison Officer,-0.5152609,-1.0305218,2
711711,Footwear Production Machine Operator,-1.052404,-1.052404,1
851311,Kitchenhand,-0.3568353555555556,-1.0705060666666668,3
851299,Food Trades Assistants nec,-0.3568353555555556,-1.0705060666666668,3
851211,Pastrycook's Assistant,-0.3568353555555556,-1.0705060666666668,3
399911,Diver,-1.08214,-1.08214,1
711799,Textile and Footwear Production Machine Operators nec,-0.5467201666666667,-1.0934403333333333,2
324311,Vehicle Painter,-0.551875875,-1.10375175,2
711211,Industrial Spraypainter,-0.551875875,-1.10375175,2
621611,Service Station Attendant,-0.5520794588235295,-1.104158917647059,2
393112,Leather Goods Maker,-0.27690572222222226,-1.107622888888889,4
321211,Motor Mechanic (General),-0.11138240011363636,-1.1138240011363636,10
899415,Tyre Fitter,-0.11138240011363636,-1.1138240011363636,10
899414,Radiator Repairer,-0.11138240011363636,-1.1138240011363636,10
899413,Exhaust and Muffler Repairer,-0.11138240011363636,-1.1138240011363636,10
321214,Small Engine Mechanic,-0.11138240011363636,-1.1138240011363636,10
321213,Motorcycle Mechanic,-0.11138240011363636,-1.1138240011363636,10
899411,Motor Vehicle Parts and Accessories Fitter (General),-0.11138240011363636,-1.1138240011363636,10
321212,Diesel Motor Mechanic,-0.11138240011363636,-1.1138240011363636,10
712111,"Crane, Hoist or Lift Operator",-0.2258588111764706,-1.129294055882353,5
441312,Police Officer,-0.3767467222222222,-1.1302401666666666,3
843999,Forestry and Garden Workers nec,-0.283261,-1.133044,4
394211,Furniture Finisher,-0.28595309375,-1.143812375,4
394113,Furniture Maker,-0.28595309375,-1.143812375,4
394112,Cabinet Maker,-0.28595309375,-1.143812375,4
394212,Picture Framer,-0.28595309375,-1.143812375,4
334115,Roof Plumber,-0.38671783333333337,-1.1601535,3
711111,Clay Products Machine Operator,-0.20431807222222223,-1.2259084333333334,6
711113,Glass Production Machine Operator,-0.20431807222222223,-1.2259084333333334,6
711611,Sewing Machinist,-1.272624,-1.272624,1
821913,Lagger,-0.6473915,-1.294783,2
821411,Building Insulation Installer,-0.6473915,-1.294783,2
821911,Crane Chaser,-0.19433844642857143,-1.360369125,7
899914,Electrical or Telecommunications Trades Assistant,-0.19433844642857143,-1.360369125,7
821114,Plumber's Assistant,-0.19433844642857143,-1.360369125,7
821713,Steel Fixer,-0.19433844642857143,-1.360369125,7
821311,Fencer,-0.19433844642857143,-1.360369125,7
821111,Builder's Labourer,-0.19433844642857143,-1.360369125,7
323315,Saw Doctor,-0.17044394875,-1.36355159,8
831199,Food and Drink Factory Workers nec,-0.12658836013986013,-1.3924719615384615,11
561211,Courier,-0.14555634205882353,-1.4555634205882353,10
821412,Home Improvement Installer,-0.162430975,-1.461878775,9
441212,Fire Fighter,-0.74963,-1.49926,2
821714,Structural Steel Erector,-0.5066413333333334,-1.519924,3
721311,Forklift Driver,-0.7857119588235294,-1.5714239176470588,2
323212,Fitter and Turner,-0.14667443257575757,-1.6134187583333333,11
323214,Metal Machinist (First Class),-0.14667443257575757,-1.6134187583333333,11
xxxxxx,No Correspondence,-0.23387611428571428,-1.6371328,7
721999,Mobile Plant Operators nec,-0.166287978315508,-1.6628797831550801,10
331112,Stonemason,-0.978914025,-1.95782805,2
399111,Boat Builder and Repairer,-0.11630990140056022,-1.9772683238095237,17
399112,Shipwright,-0.43066076666666664,-2.153303833333333,5
322114,Metal Casting Trades Worker,-1.09790125,-2.1958025,2
333212,Renderer (Solid Plaster),-0.7364326666666666,-2.209298,3
333211,Plasterer (Wall and Ceiling),-0.7364326666666666,-2.209298,3
331111,Bricklayer,-1.1056585,-2.211317,2
323299,Metal Fitters and Machinists nec,-0.2526967641414142,-2.2742708772727274,9
323215,"Textile, Clothing and Footwear Mechanic",-0.2526967641414142,-2.2742708772727274,9
351411,Cook,-0.46309842999999995,-2.31549215,5
322311,Metal Fabricator,-0.29924384732142856,-2.3939507785714285,8
899211,Deck Hand,-1.2228750000000002,-2.4457500000000003,2
399212,Gas or Petroleum Operator,-0.309664875,-2.477319,8
711516,Rubber Production Machine Operator,-0.5040804333333334,-2.520402166666667,5
333411,Wall and Floor Tiler,-0.6542623750000001,-2.6170495000000003,4
211112,Dancer or Choreographer,-1.33957505,-2.6791501,2
321111,Automotive Electrician,-0.22173726647241648,-2.8825844641414142,13
341113,Lift Mechanic,-0.22173726647241648,-2.8825844641414142,13
332211,Painter,-1.473231,-2.946462,2
899311,Handyperson,-1.0610969,-3.1832906999999997,3
821211,Concreter,-0.32790086500000004,-3.27900865,10
341111,Electrician (General),-0.24000296760942763,-3.6000445141414144,15
399999,Technicians and Trades Workers nec,-0.21447009485409652,-3.8604617073737373,18
323211,Fitter (General),-0.19438448178030304,-3.8876896356060606,20
712212,Miner,-0.6012274357142857,-4.20859205,7
332111,Floor Finisher,-0.647955575,-4.535689025,7
731311,Train Driver,-0.8266365446078431,-4.959819267647059,6
821712,Scaffolder,-1.04976366,-5.2488183,5
712999,Stationary Plant Operators nec,-0.2047182734264416,-5.3226751090874815,26
832211,Product Assembler,-0.6871369444444445,-6.1842325,9
712311,Engineering Production Worker,-0.2741426320252793,-7.40185106468254,27
712211,Driller,-0.8190124884615385,-10.64716235,13
